,County,Latitude,Longitude
0,AUTAUGA,32.5165255,-86.6319403
1,DALLAS,32.3117968,-87.1046643
2,ELMORE,32.5801231,-86.125195
3,LOWNDES,32.1088066,-86.6402541
4,MACON,32.366606,-85.6660307
5,MARENGO,32.201002,-87.7569365
6,MONTGOMERY,32.3669656,-86.3006485
7,PERRY,32.6421387,-87.2876639
8,SUMTER,32.5234698,-88.1837986
9,BALDWIN,30.5677527,-87.7324392
10,CHOCTAW,31.9908095,-88.2821326
11,CLARKE,31.659134,-87.8192486
12,CONECUH,31.3966783,-86.9437104
13,ESCAMBIA,31.1168422,-87.1070947
14,MOBILE,30.6867339,-88.0848929
15,MONROE,31.5593935,-87.3781004
16,WASHINGTON,31.3991238,-88.2019828
17,WILCOX,31.9523021,-87.3005169
18,BLOUNT,33.9510169,-86.5702002
19,CALHOUN,33.7514505,-85.8315666
20,CHEROKEE,34.1142554,-85.6004514
21,CULLMAN,34.1335332,-86.8779268
22,ETOWAH,34.0371404,-86.022147
23,JACKSON,34.7692447,-85.9867941
24,MARSHALL,34.3396046,-86.3301801
25,COLBERT,34.6473396,-87.7921769
26,FRANKLIN,34.440962,-87.8339064
27,LAUDERDALE,34.9049555,-87.6747398
28,LAWRENCE,34.4776367,-87.3017331
29,LIMESTONE,34.8342463,-86.9901321
30,MADISON,34.7736807,-86.5675095
31,MARION,34.1128132,-87.8544031
32,MORGAN,34.4296848,-86.8529584
33,CHAMBERS,32.8901658,-85.3866953
34,CHILTON,32.8522565,-86.7032845
35,FAYETTE,33.7303493,-87.7419088
36,LAMAR,33.7490016,-88.1003689
37,LEE,32.5814796,-85.3077038
38,PICKENS,33.2948421,-88.1244034
39,RANDOLPH,33.2651763,-85.4693961
40,SHELBY,33.2503347,-86.6639746
41,TALLADEGA,33.3967079,-86.1597137
42,TALLAPOOSA,32.8595687,-85.8023774
43,TUSCALOOSA,33.2095614,-87.5675258
44,WALKER,33.7804491,-87.2767248
45,BARBOUR,31.8589311,-85.4032078
46,COFFEE,31.3629619,-85.9870669
47,COVINGTON,31.196549,-86.4597236
48,CRENSHAW,31.6809362,-86.3244009
49,DALE,31.3940969,-85.623763
50,GENEVA,31.0862933,-85.803014
51,HENRY,31.4838041,-85.2447377
52,HOUSTON,31.1355603,-85.2654592
53,PIKE,31.7615793,-85.9259465
54,RUSSELL,32.2698458,-85.1959487
55,BULLOCK,32.09929,-85.7091657
56,GREENE,32.8620514,-87.9915392
57,HALE,32.7412417,-87.6561668
58,BUTLER,32.0895908,-88.2219652
59,CLEBURNE,33.6506958,-85.5017359
60,SAINT CLAIR,32.5348561,-86.2333022
61,WINSTON,34.1328863,-87.361354
62,BIBB,32.971079,-87.1227088
63,CLAY,33.715158,-86.5866694493927
64,COOSA,32.9181762,-86.2327497
65,JEFFERSON,33.5228184,-86.9164513
66,MOHAVE,35.7218038,-113.827117
67,COCHISE,31.8514532,-109.8181858
68,GRAHAM,32.8397096,-109.8685752
69,GREENLEE,33.2312681,-109.2751297
70,LAPAZ,34.2256824,-114.1927163858613
71,MARICOPA,33.34883,-112.49123
72,PIMA,32.1112624,-111.6546163
73,PINAL,32.8085851,-111.4426212
74,YUMA,32.665135,-114.47603157249804
75,NAVAJO,35.1819775,-110.3549451
76,YAVAPAI,34.5668857,-112.5515965
77,CRITTENDEN,35.2505701,-90.3192299
78,CROSS,35.3001216,-90.7750181
79,LEE,34.7836833,-90.7759619
80,LONOKE,34.7414404,-91.862792
81,MONROE,34.6778982,-91.2289578
82,PHILLIPS,34.4427373,-90.8331287
83,PRAIRIE,34.8105247,-91.5751148
84,SAINT FRANCIS,36.4541109,-90.1441726
85,WOODRUFF,35.1714574,-91.2229851
86,CLAY,36.3609902,-90.4087659
87,CRAIGHEAD,35.8348413,-90.6441144
88,GREENE,36.091803,-90.5778883
89,MISSISSIPPI,35.7547987,-90.0875933
90,POINSETT,35.5730183,-90.6717121
91,CLARK,34.0541966,-93.198963
92,ASHLEY,33.1742582,-91.7295595
93,CHICOT,33.2536665,-91.3026986
94,DESHA,33.7740219,-91.3110517
95,DREW,33.5716907,-91.7160969
96,JEFFERSON,34.2711667,-91.9248307
97,LINCOLN,33.9359663,-91.7713274
98,LITTLE RIVER,33.6968793,-94.2065398
99,MILLER,33.318142,-93.8658707666582
100,CONWAY,35.2521996,-92.6888936
101,FAULKNER,35.1470851,-92.3219053
102,PERRY,34.9616474,-92.8757514
103,PULASKI,34.7550166,-92.3003472
104,ARKANSAS,34.2902454,-91.3598511
105,FULTON,36.3783981,-91.8110982
106,IZARD,36.0832532,-91.8894787
107,INDEPENDENCE,35.718344,-91.55326
108,JACKSON,35.5770886,-91.196742
109,LAWRENCE,36.0078212,-91.1655476
110,RANDOLPH,36.3412315,-91.0387017
111,WHITE,35.2463042,-91.7169687
112,BENTON,36.3456186,-94.2670404
113,BOONE,36.2829183,-93.0784759
114,CARROLL,36.3386737,-93.5093048
115,WASHINGTON,35.9672625,-94.2280656
116,LAFAYETTE,33.1821484,-93.5972459
117,CRAWFORD,35.5803044,-94.2684622
118,FRANKLIN,35.5110075,-93.8864847
119,JOHNSON,35.5600697,-93.4550108
120,LOGAN,35.2255171,-93.7233321
121,POPE,35.453867,-93.0498623
122,SEBASTIAN,35.1770785,-94.2654285
123,YELL,34.9906072,-93.4283105
124,COLUSA,39.1465578,-122.2209563
125,GLENN,39.5912766,-122.3778662
126,SUTTER,38.9509675,-121.697088
127,FRESNO,36.7394421,-119.7848307
128,KERN,35.3145701,-118.753822
129,KINGS,36.0784807,-119.7956342
130,MADERA,37.1716264,-119.7737991
131,MERCED,37.1641544,-120.7678602
132,TULARE,36.2516475,-118.852583
133,IMPERIAL,33.0305487,-115.3595666
134,RIVERSIDE,33.7219991,-116.0372472
135,CONTRA COSTA,37.9034806,-121.9175345
136,LAKE,39.0505411,-122.7776556
137,MONTEREY,36.2231079,-121.387742
138,SONOMA,38.5110803,-122.8473388
139,MODOC,41.5450487,-120.7435998
140,BUTTE,39.6519275,-121.5858444
141,SACRAMENTO,38.5810606,-121.493895
142,SOLANO,38.2218938,-121.9163555
143,TEHAMA,40.1251334,-122.2015529
144,YOLO,38.7184542,-121.9059001
145,SAN JOAQUIN,37.9372901,-121.2773719
146,STANISLAUS,37.5500871,-121.0501425
147,CALAVERAS,38.2558181,-120.4981492
148,PLACER,39.1012064,-120.7650606
149,SHASTA,40.7965121,-121.9979194
150,LOS ANGELES,34.0536909,-118.242766
151,SAN DIEGO,32.7174202,-117.1627728
152,SANTA BARBARA,34.4221319,-119.702667
153,MARION,29.2182454,-82.0626948
154,COLUMBIA,30.2097438,-82.62636328830749
155,LAFAYETTE,29.9978185,-83.2221527
156,MADISON,30.4514352,-83.4524524
157,CALHOUN,30.3853734,-85.2223516
158,ESCAMBIA,30.6625885,-87.3451089
159,HOLMES,30.8918676,-85.8138207
160,JACKSON,30.8013861,-85.2063186
161,JEFFERSON,30.3949531,-83.9326576
162,OKALOOSA,30.6765961,-86.6037748
163,SANTA ROSA,30.6964502,-87.0097524
164,WALTON,30.6204939,-86.1912678
165,WASHINGTON,30.6009343,-85.6762025
166,ALACHUA,29.675568,-82.3640109
167,BRADFORD,29.9715087,-82.1608653
168,CITRUS,28.8512851,-82.5141209
169,CLAY,29.9766524,-81.8470596
170,FLAGLER,29.4844412,-81.2917415
171,GILCHRIST,29.7131619,-82.7975172
172,HILLSBOROUGH,27.9184543,-82.3488057
173,LAKE,28.7006859,-81.78994
174,LEVY,29.3008632,-82.7824592
175,ORANGE,28.5421109,-81.3790304
176,PUTNAM,29.6266155,-81.7230549
177,ST. JOHNS,29.9032284,-81.4145468
178,UNION,30.044304,-82.3954479
179,VOLUSIA,29.0533409,-81.1310761
180,BAKER,30.3143459,-82.2847163
181,DIXIE,29.6214008,-83.17351
182,DUVAL,30.3540073,-81.6632109
183,HAMILTON,30.5232289,-82.9763531
184,NASSAU,30.6624329,-81.7707334
185,SUWANNEE,30.2101192,-82.9873377
186,TAYLOR,30.0926733,-83.6377926
187,GADSDEN,30.5937346,-84.6389937
188,LEON,30.4683062,-84.2549068
189,LIBERTY,30.2506943,-84.8955989
190,WAKULLA,30.1480038,-84.3543512
191,BREVARD,28.2100203,-80.7997185
192,COLLIER,26.087964,-81.3794941
193,INDIAN RIVER,27.7041555,-80.5894422
194,MANATEE,27.5213933,-82.3801566
195,MIAMI-DADE,25.6364246,-80.4989467
196,OKEECHOBEE,27.3923408,-80.8873655
197,PALM BEACH,26.6279798,-80.4494174
198,SARASOTA,27.3365805,-82.5308545
199,BLECKLEY,32.4305311,-83.3311795
200,CRAWFORD,32.7212675,-83.9825337
201,DODGE,32.1506514,-83.1520134
202,HOUSTON,32.4659752,-83.631394
203,JOHNSON,32.6938608,-82.6374871
204,LAURENS,32.4239975,-82.9388938
205,MONTGOMERY,32.0839135,-82.539273
206,MORGAN,33.5793193,-83.5051522
207,NEWTON,33.5715512,-83.8446101
208,PEACH,32.5543462,-83.8350733
209,PULASKI,32.2330518,-83.4674404
210,PUTNAM,33.3231504,-83.3414172
211,TREUTLEN,32.396098,-82.5666186
212,TWIGGS,32.6467914,-83.4351636
213,WASHINGTON,32.9619979,-82.7748026
214,WHEELER,32.112996,-82.7567324
215,WILKINSON,32.7924994,-83.1623561
216,BULLOCH,32.3846338,-81.744832
217,BURKE,33.0482247,-81.9575983
218,CANDLER,32.4146577,-82.0930776
219,EFFINGHAM,32.3419626,-81.338687
220,EMANUEL,32.6078163,-82.2922815
221,GLASCOCK,33.2168832,-82.6112005
222,JEFFERSON,33.0380388,-82.436141
223,JENKINS,32.7793141,-81.9613566
224,MCDUFFIE,33.4631845,-82.4830204
225,SCREVEN,32.7623379,-81.6272037
226,WARREN,33.4120461,-82.694643
227,BARROW,33.9848611,-83.6996482
228,OCONEE,33.829579,-83.4275918
229,WALTON,33.762884,-83.740416
230,ELBERT,34.1194318,-82.8408412
231,WILKES,33.7898432,-82.7385978
232,BARTOW,34.2394683,-84.8406984
233,FLOYD,34.2421984,-85.2229248
234,GORDON,34.5019651,-84.8986308
235,POLK,33.9981581,-85.1567475
236,ATKINSON,31.3030105,-82.8839362
237,BEN HILL,31.7462726,-83.2355879
238,BERRIEN,31.2561376,-83.2443709
239,BROOKS,30.8336559,-83.5958387
240,CLINCH,30.8938781,-82.6923467
241,COFFEE,31.5301809,-82.8405691
242,COLQUITT,31.1803601,-83.7696152
243,COOK,31.1455115,-83.4331569
244,CRISP,31.9152265,-83.77777
245,DOOLY,32.1542383,-83.8253817
246,ECHOLS,30.6968025,-82.9078762
247,IRWIN,31.5730108,-83.2624513
248,JEFF DAVIS,31.774687,-82.6800732
249,LANIER,31.029016,-83.0768357
250,LOWNDES,30.8195619,-83.2628255
251,TELFAIR,31.9182328,-82.9339377
252,TIFT,31.435877,-83.5054179
253,TURNER,31.7031592,-83.6214408
254,WILCOX,31.960784,-83.4379708
255,WORTH,31.524179,-83.8712801
256,APPLING,31.7771435,-82.2996274
257,BACON,31.5555512,-82.4442559
258,BRANTLEY,31.1928547,-81.9943569
259,BRYAN,32.0034889,-81.4241017
260,EVANS,32.1613648,-81.8980725
261,PIERCE,31.3430068,-82.2352189
262,TATTNALL,32.0252793,-82.0580692
263,TOOMBS,32.1296839,-82.3299928
264,WARE,31.1727229,-82.4829338
265,WAYNE,31.5675304,-81.9131554
266,BAKER,31.3439196,-84.4555346
267,CALHOUN,31.5311784,-84.614328
268,CLAY,31.5738181,-84.9800814
269,DECATUR,30.8736613,-84.5740953
270,DOUGHERTY,31.5426984,-84.1960829
271,EARLY,31.3454341,-84.9282058
272,GRADY,30.867067,-84.2322943
273,LEE,31.7620158,-84.1346212
274,MILLER,31.1591063,-84.737836
275,MITCHELL,33.2200196,-82.7031639
276,QUITMAN,31.8769847,-85.0154412
277,RANDOLPH,31.7620266,-84.7468429
278,SEMINOLE,30.951849,-84.8789094
279,STEWART,32.0732743,-84.8483149
280,SUMTER,32.0485072,-84.1862464
281,TERRELL,31.7615999,-84.4410234
282,THOMAS,30.8668623,-83.9460576
283,WEBSTER,32.050618,-84.5473105
284,FAYETTE,33.3899269,-84.4953763
285,MACON,32.8406946,-83.6324022
286,MARION,32.3473263,-84.5282597
287,SCHLEY,32.2478949,-84.3175516
288,TAYLOR,32.5577546,-84.262834
289,BALDWIN,33.0869398,-83.2633216
290,BIBB,32.8095879,-83.694562
291,BUTTS,33.2825083,-83.9548161
292,JASPER,33.3254635,-83.6868559
293,JONES,31.6338288,-81.4801073
294,MONROE,33.0142344,-83.9044159
295,ROCKDALE,33.6430283,-84.0322064
296,RICHMOND,33.385076,-82.09207958530698
297,CHEROKEE,34.2391265,-84.4720272
298,CLARKE,33.9458693,-83.3557816
299,DAWSON,34.4077085,-84.1356771
300,FANNIN,34.8867955,-84.2715585
301,FORSYTH,34.235309,-84.1335644
302,FULTON,34.0580391,-84.2961283
303,GILMER,34.6859788,-84.452696
304,GWINNETT,33.9566869,-84.0227467
305,HALL,34.2905901,-83.8194028
306,JACKSON,34.1282559,-83.5753386
307,LUMPKIN,34.5546076,-83.9926806
308,PICKENS,34.4630619,-84.4682402
309,TOWNS,34.8971655,-83.7182775
310,UNION,34.8180274,-83.9903969
311,WHITE,34.6322605,-83.7596041
312,BANKS,34.3378598,-83.4970026
313,FRANKLIN,34.3678642,-83.2156575
314,HABERSHAM,34.6270741,-83.5016755
315,HART,34.3410525,-82.9503277
316,MADISON,34.1307533,-83.1817407
317,OGLETHORPE,33.8702684,-83.1049381
318,RABUN,34.8796123,-83.4251357
319,STEPHENS,34.55119,-83.2976462
320,CHATTOOGA,34.4620931,-85.3660518
321,DADE,34.8722084,-85.4998791
322,MURRAY,34.7851861,-84.7352262
323,PAULDING,33.8908526,-84.8569161
324,WALKER,34.7418605,-85.3209686
325,WHITFIELD,34.7969288,-84.9745026
326,CHARLTON,30.8775388,-82.1185847
327,CHATHAM,31.9668887,-81.0626008
328,LIBERTY,31.8031632,-81.483441
329,LONG,31.7704898,-81.753725
330,CARROLL,33.5588005,-85.0641272
331,CLAYTON,33.5204959,-84.3591713
332,COWETA,33.3500656,-84.7545734
333,DOUGLAS,33.6995565,-84.7622973
334,HARALSON,33.7812701,-85.2001291
335,HARRIS,32.7251788,-84.9104641
336,HEARD,33.2786225,-85.113782
337,LAMAR,33.0649401,-84.1445952
338,MERIWETHER,33.0373582,-84.6717803
339,PIKE,33.081484,-84.3969481
340,TALBOT,32.6984691,-84.505404
341,UPSON,32.8641062,-84.2904968
342,COLUMBIA,33.5313102,-82.2563979
343,MARION,38.3734544,-97.1305937
344,RICE,38.3266261,-98.2007179
345,ROOKS,39.3494127,-99.3216587
346,BARBER,37.2113342,-98.7033263
347,EDWARDS,37.8684743,-99.3245584
348,HARPER,37.1922068,-98.0835849
349,HARVEY,38.0352315,-97.4486267
350,KINGMAN,37.5420937,-98.122172
351,KIOWA,37.5529578,-99.296556
352,PAWNEE,38.1858758,-99.240825
353,PRATT,37.6280602,-98.7485305
354,RENO,37.930344,-98.1055753
355,SEDGWICK,37.6448148,-97.4641388
356,SUMNER,37.2435967,-97.4792142
357,BUTLER,37.77924,-96.8456342
358,COWLEY,37.2413155,-96.8675685
359,FORD,37.7072469,-99.8943146
360,GRANT,37.553026,-101.3067042
361,HAMILTON,38.0058948,-101.8141159
362,HASKELL,37.5611249,-100.8840421
363,MORTON,37.1960735,-101.8099541
364,SEWARD,37.1850331,-100.8928434
365,STEVENS,37.1929045,-101.3119354
366,BARTON,38.4683432,-98.776234
367,DICKINSON,38.8790615,-97.1893341
368,ELLIS,38.915304000000006,-99.31725312947998
369,ELLSWORTH,38.6942009,-98.2149289
370,LINCOLN,39.0343606,-98.2155504
371,MCPHERSON,38.3659015,-97.6575171
372,RUSH,38.5047752,-99.309214
373,RUSSELL,38.8970508,-98.7980433
374,SALINE,38.7704462,-97.6669832
375,ANDERSON,38.198077,-95.3067461
376,CHASE,38.2928083,-96.6152916
377,COFFEY,38.235413,-95.7498925
378,DOUGLAS,38.8838392,-95.2874559
379,FRANKLIN,38.5720008,-95.3184483
380,GEARY,38.9885445,-96.7619968
381,JOHNSON,38.8837933,-94.8389141
382,LINN,38.1965927,-94.8578272
383,LYON,38.4573987,-96.1683124
384,MIAMI,38.5620514,-94.8557402
385,MORRIS,38.6908906,-96.6707526
386,OSAGE,38.65235,-95.72899791492327
387,SHAWNEE,39.0273676,-95.7627535
388,WABAUNSEE,38.9468399,-96.1991241
389,CLAY,39.3615169,-97.1718432
390,CLOUD,39.4850226,-97.6705137
391,JEWELL,39.784853,-98.21908622535383
392,MITCHELL,39.3863019,-98.2112629
393,OSBORNE,39.3351558,-98.7933509
394,OTTAWA,39.1273653,-97.6568094
395,PHILLIPS,39.7961542,-99.346586
396,REPUBLIC,39.8266503,-97.6580834
397,SMITH,39.796749,-98.7935393
398,WASHINGTON,39.7887478,-97.0917391
399,ATCHISON,39.545816,-95.3326052
400,BROWN,39.824223,-95.5819952
401,DONIPHAN,39.7831556,-95.1776492
402,JACKSON,39.4030917,-95.8159647
403,JEFFERSON,39.2405893,-95.391413
404,LEAVENWORTH,39.2147095,-95.0620347
405,MARSHALL,39.7865054,-96.5255661
406,NEMAHA,39.7880532,-96.0157844
407,POTTAWATOMIE,39.3928203,-96.3414279
408,RILEY,39.3026347,-96.7709339
409,WYANDOTTE,39.1090458,-94.767624
410,CHEYENNE,39.7955799,-101.7575491
411,DECATUR,39.7940527,-100.472769
412,GRAHAM,39.34062,-99.8980624
413,NORTON,39.7944702,-99.9100033
414,RAWLINS,39.7904797,-101.0994722
415,SHERIDAN,39.3530598,-100.4576457
416,SHERMAN,39.3412127,-101.7492408
417,THOMAS,39.3529613,-101.0810229
418,COMANCHE,37.1960944,-99.2958383
419,STAFFORD,38.0350094,-98.718816
420,ALLEN,37.8882168,-95.3170208
421,BOURBON,37.8485797,-94.8679591
422,CHAUTAUQUA,37.146335,-96.2656966
423,CHEROKEE,37.1718068,-94.8482069
424,CRAWFORD,37.503889,-94.8652466
425,ELK,37.4619149,-96.2528451
426,GREENWOOD,37.8709542,-96.2471338
427,LABETTE,37.1899712,-95.3103729
428,MONTGOMERY,37.1983948,-95.7628341
429,NEOSHO,37.5566345,-95.33166
430,WILSON,37.5692118,-95.7452639
431,WOODSON,37.8811369,-95.7517113
432,CLARK,37.2045719,-99.8133765
433,FINNEY,38.0452481,-100.8199963
434,GRAY,37.7221896,-100.4373907
435,HODGEMAN,38.0875979,-99.900952
436,KEARNY,37.9960049,-101.3523356
437,MEADE,37.2091116,-100.396302
438,STANTON,37.5691072,-101.7935648
439,GOVE,38.9030073,-100.5073968
440,GREELEY,38.4570355,-101.8185007
441,LANE,38.4651663,-100.4776682
442,LOGAN,38.9058216,-101.1552381
443,NESS,38.4713429,-99.9586896
444,SCOTT,38.4584915,-100.9336244
445,TREGO,38.9289979,-99.9130572
446,WALLACE,38.9073846,-101.7565099
447,WICHITA,37.6922361,-97.3375448
448,AVOYELLES,31.0471604,-92.0019698
449,CATAHOULA,31.7294681,-91.8487107
450,CONCORDIA,31.3941887,-91.6714379
451,GRANT,31.5748918,-92.5730029
452,POINTE COUPEE,30.6194283,-91.5740887
453,RAPIDES,31.1719886,-92.5526386
454,SAINT LANDRY,30.8443611,-92.257905
455,WEST FELICIANA,30.8842729,-91.4016657
456,CALDWELL,32.0820785,-92.1130105
457,OUACHITA,32.4790511,-92.1615004
458,EAST CARROLL,32.6949938,-91.2605142
459,FRANKLIN,32.1254252,-91.6778053
460,MADISON,32.3614697,-91.255051
461,MOREHOUSE,32.8326959,-91.8374127
462,RICHLAND,32.4196791,-91.8105911
463,TENSAS,31.9834216,-91.3708695
464,WEST CARROLL,32.7864174,-91.4586366
465,BOSSIER,32.6676663,-93.5959786
466,CADDO,32.529173,-93.8931785
467,DE SOTO,32.0195388,-93.7488946
468,RED RIVER,32.0835604,-93.3111105
469,NATCHITOCHES,31.7606732,-93.0860209
470,EVANGELINE,30.6976776,-92.4217813
471,WEST BATON ROUGE,30.4514623,-91.3261882
472,EAST BATON ROUGE,30.405761849999998,-91.18597450265686
473,EAST FELICIANA,30.8462165,-91.0405799
474,LIVINGSTON,30.4158699,-90.7189344
475,SAINT HELENA,30.8080103,-90.6932182
476,TANGIPAHOA,30.6323024,-90.4315754
477,WASHINGTON,30.8337523,-90.0721467
478,CLAIBORNE,32.8218607,-93.0097229
479,IBERIA,29.9812242,-91.7451362
480,IBERVILLE,30.2120844,-91.3133623
481,LAFAYETTE,30.2043259,-92.0298813
482,SAINT MARTIN,30.1811426,-91.6081116
483,ALLEN,30.6558242,-92.8598049
484,BEAUREGARD,30.6144496,-93.3416829
485,CALCASIEU,30.2232015,-93.3434067
486,JEFFERSON DAVIS,30.2575503,-92.7886576
487,SABINE,31.5223049,-93.5265161
488,VERNON,31.0847886,-93.2003582
489,ATTALA,33.0777868,-89.5680661
490,CARROLL,33.4230182,-89.9110025
491,CHOCTAW,33.3569348,-89.2390212
492,HOLMES,33.1018124,-90.0656168
493,LEAKE,32.7401114,-89.5241292
494,MADISON,32.6308318,-90.0040817
495,MONTGOMERY,33.5074528,-89.6182472
496,RANKIN,32.2338702,-89.9484651
497,SCOTT,32.3805744,-89.5092509
498,WEBSTER,33.6197203,-89.2646598
499,CHICKASAW,33.9137474,-88.9357382
500,CLAY,33.6393012,-88.7957063
501,LOWNDES,33.4466925,-88.4108384
502,MONROE,33.8884929,-88.4747009
503,NOXUBEE,33.1190254,-88.5916703
504,OKTIBBEHA,33.4131096,-88.8937318
505,WINSTON,33.0603103,-89.0495278
506,HUMPHREYS,33.1282074,-90.5408182
507,ISSAQUENA,32.6773851,-91.0097866
508,LEFLORE,33.5244154,-90.288095
509,SHARKEY,32.8742585,-90.8478339
510,SUNFLOWER,33.4980504,-90.602067
511,WASHINGTON,33.2626706,-90.9183546
512,YAZOO,32.770896,-90.4120889
513,BENTON,34.8277278,-89.1960486
514,CALHOUN,33.9253624,-89.3231269
515,DE SOTO,31.9739274,-88.71732
516,GRENADA,33.772401,-89.7674875
517,LAFAYETTE,34.3519035,-89.4664677
518,MARSHALL,34.7329208,-89.4725635
519,PANOLA,34.3793392,-89.9601925
520,TATE,34.6391136,-89.9335244
521,YALOBUSHA,34.0213455,-89.6991703
522,ALCORN,34.8734817,-88.5667345
523,ITAWAMBA,34.2774018,-88.3713687
524,LEE,34.265749,-88.6913264
525,PONTOTOC,34.2114655,-89.0382651
526,PRENTISS,34.6222512,-88.5153286
527,TIPPAH,34.7296814,-88.9119403
528,TISHOMINGO,34.7238634,-88.2268403
529,UNION,34.4834555,-88.9789198
530,COVINGTON,31.6143213,-89.5278045
531,SMITH,32.0018336,-89.4877278
532,FORREST,31.1540772,-89.2398601
533,GEORGE,30.857421,-88.6537118
534,JACKSON,32.3086744,-90.1983063
535,PERRY,31.153317,-88.9830577
536,STONE,30.7843863,-89.1342764
537,ADAMS,31.4904067,-91.3297733
538,CLAIBORNE,31.9640367,-90.9141968
539,COPIAH,31.8563532,-90.4798717
540,HINDS,32.2506391,-90.4793259
541,JEFFERSON,31.7256789,-91.0335766
542,WARREN,32.3649516,-90.7975574
543,BOLIVAR,33.7702263,-90.8519798
544,COAHOMA,34.1931314,-90.5653906
545,QUITMAN,34.1920186,-90.2946542
546,TALLAHATCHIE,33.9414425,-90.1577411
547,TUNICA,34.6398783,-90.3623833
548,KEMPER,32.7307497,-88.6604179
549,NESHOBA,32.7237573,-89.103199
550,JEFFERSON DAVIS,31.5576951,-89.8386843
551,LAMAR,31.2109862,-89.5152337
552,LAWRENCE,31.5129753,-90.1205396
553,MARION,31.2247688,-89.8217717
554,PIKE,31.1712493,-90.4093394
555,SIMPSON,31.8919593,-89.9323619
556,WALTHALL,31.1241919,-90.1197687
557,CLARKE,32.0396256,-88.7003965
558,GREENE,31.2049136,-88.6429687
559,HARRISON,30.4553392,-89.1313136
560,JASPER,32.0216075,-89.1132111
561,JONES,31.6058959,-89.1636245
562,LAUDERDALE,32.3905206,-88.689636
563,NEWTON,32.3882835,-89.1317486
564,PEARL RIVER,30.7761604,-89.5984726
565,WAYNE,31.6212491,-88.6858852
566,FRANKLIN,31.467398,-90.8992648
567,LINCOLN,31.4885409,-90.4480916
568,DUNKLIN,36.2156534,-90.0591292
569,NEW MADRID,36.5749606,-89.6780945
570,PEMISCOT,36.2104949,-89.8351486
571,SCOTT,37.0516647,-89.5523071
572,STODDARD,36.8556646,-89.9451636
573,BENTON,38.2930723,-93.3036786
574,BOONE,39.0153926,-92.3307534
575,CALLAWAY,38.8491265,-91.9257607
576,CAMDEN,38.0323133,-92.7638327
577,COLE,38.5189519,-92.2956433
578,COOPER,38.8452595,-92.8249579
579,DALLAS,37.6832712,-93.0219376
580,HICKORY,37.959055,-93.3334746
581,HOWARD,39.1321077,-92.7181732
582,LACLEDE,37.6475206,-92.6324187
583,MARIES,38.1683782,-91.928925
584,MILLER,38.2118765,-92.4343544
585,MONITEAU,38.6074608,-92.5851064
586,MORGAN,38.4177341,-92.9183724
587,OSAGE,38.4637283,-91.8708392
588,PETTIS,38.7346291,-93.2991713
589,PHELPS,37.913292,-91.8168126
590,POLK,37.6200803,-93.4087994
591,PULASKI,37.8402606,-92.2248398
592,SALINE,39.1256186,-93.2300648
593,CRAWFORD,37.9920098,-91.3156445
594,FRANKLIN,38.4021095,-91.0841241
595,GASCONADE,38.4575789,-91.5177499
596,JEFFERSON,38.267166,-90.5721889
597,LINCOLN,39.0605477,-90.959359
598,MONTGOMERY,38.9682313,-91.4821326
599,PERRY,37.7107349,-89.8430248
600,ST CHARLES,38.7877791,-90.6747372
601,ST FRANCOIS,37.7763775,-90.5089041
602,ST LOUIS,38.6280278,-90.1910154
603,STE GENEVIEVE,37.88958,-90.1856637
604,WARREN,38.7535106,-91.1453948
605,WASHINGTON,37.9559513,-90.879099
606,ADAIR,40.1769782,-92.6161167
607,CARROLL,39.441912,-93.516971
608,CHARITON,39.5372927,-92.9524728
609,GRUNDY,40.1075648,-93.5737817
610,LINN,39.8652349,-93.1104004
611,LIVINGSTON,39.7639036,-93.5573919
612,MACON,39.8416253,-92.5675118
613,MERCER,40.4095007,-93.5788706
614,PUTNAM,40.4890407,-92.9709709
615,RANDOLPH,39.4418988,-92.5009215
616,SCHUYLER,40.4644896,-92.5152037
617,SULLIVAN,40.1993002,-93.1140993
618,AUDRAIN,39.2226625,-91.8467268
619,CLARK,40.3962004,-91.7362195
620,KNOX,40.122723,-92.1573551
621,LEWIS,40.0902418,-91.7013355
622,MARION,39.8080573,-91.6318781
623,MONROE,39.494421,-91.9896892
624,PIKE,39.3683251,-91.1825617
625,RALLS,39.552012,-91.547611
626,SCOTLAND,40.4479304,-92.1527305
627,SHELBY,39.8004535,-92.071021
628,ANDREW,39.9845508,-94.8090258
629,ATCHISON,40.4144817,-95.4359392
630,BUCHANAN,39.6733203,-94.794829
631,CALDWELL,39.6558966,-93.9997281
632,CLAY,39.3187409,-94.4046405
633,CLINTON,39.5975986,-94.4184896
634,DAVIESS,39.9587505,-93.9962662
635,DE KALB,39.5869398,-94.9252426
636,GENTRY,40.2044898,-94.4159527
637,HARRISON,40.337172,-93.9845199
638,HOLT,40.0989571,-95.2134565
639,NODAWAY,40.3483437,-94.8723663
640,PLATTE,39.3770348,-94.7716306
641,RAY,39.3661726,-93.9888262
642,WORTH,40.4684837,-94.4176406
643,BOLLINGER,37.3310468,-90.0296175
644,DENT,37.6211924,-91.5167381
645,HOWELL,36.766989,-91.9151975
646,IRON,37.575509,-90.6953467
647,MADISON,37.4914691,-90.3567669
648,RIPLEY,36.6478735,-90.8887906
649,TANEY,36.6563729,-93.0665776
650,TEXAS,37.3354601,-91.9808332
651,WAYNE,37.1129133,-90.4809149
652,WEBSTER,37.2895151,-92.8792111
653,WRIGHT,37.2731008,-92.4765999
654,BUTLER,36.7151346,-90.4146358
655,CAPE GIRARDEAU,37.3034933,-89.5230357
656,MISSISSIPPI,36.837087,-89.3336141
657,BARRY,36.7033624,-93.8229669
658,BARTON,37.5040024,-94.3620755
659,CHRISTIAN,36.9586087,-93.1692896
660,DADE,37.4323036,-93.8406302
661,GREENE,37.2671929,-93.3465486
662,JASPER,37.176515,-94.3103412
663,LAWRENCE,37.1036975,-93.8535681
664,MCDONALD,36.6259839,-94.3529462
665,NEWTON,36.9070237,-94.3424195
666,STONE,36.7377156,-93.4555059
667,BATES,38.2612027,-94.3503613
668,CASS,38.6585427,-94.3721539
669,CEDAR,37.7084225,-93.861222
670,HENRY,38.3791027,-93.8066565
671,JACKSON,39.03540865,-94.35835357736804
672,JOHNSON,38.7295547,-93.8161034
673,LAFAYETTE,39.0603689,-93.8151868
674,ST CLAIR,38.0592942,-93.7945456
675,VERNON,37.8639924,-94.3800151
676,CURRY,34.5220133,-103.3099435
677,QUAY,35.1439219,-103.4183431
678,ROOSEVELT,33.972525,-103.4933903
679,CHAVES,33.2993426,-104.5133481
680,DONA ANA,32.32817,-106.849423
681,EDDY,32.4003136,-104.345259
682,LEA,32.7448727,-103.3828242
683,HIDALGO,26.2711968,-98.3266103
684,LUNA,32.1345966,-107.7682754
685,SIERRA,33.1165937,-107.2569421
686,MORA,35.972232,-104.9132218
687,TORRANCE,34.6356278,-105.9059678
688,UNION,36.3985203,-103.4132264
689,SAN JUAN,36.4755752,-108.3046555
690,TAOS,36.4072377,-105.573284
691,VALENCIA,34.7325886,-106.8503919
692,GRANT,32.7548776,-108.3634144
693,SOCORRO,34.0572858,-106.8930799
694,DE BACA,34.2989792,-104.4155765
695,BEAUFORT,35.469331,-76.8927522
696,CARTERET,34.8496625,-76.5931208
697,CRAVEN,35.0808574,-77.0439978
698,GREENE,35.481724,-77.6728536
699,HYDE,35.3935017,-76.1253302
700,JOHNSTON,35.5285816,-78.3768021
701,JONES,35.0306301,-77.3231405
702,LENOIR,35.2590371,-77.6484879
703,PITT,35.611481,-77.3707461
704,WAYNE,35.3546293,-78.0149444
705,WILSON,35.7059114,-77.9175714
706,DAVIE,35.9375154,-80.5464948
707,RANDOLPH,35.7142874,-79.7975166
708,ROWAN,35.6315952,-80.5171754
709,WAKE,35.7979355,-78.6118311
710,BERTIE,36.0608505,-76.9747965
711,CAMDEN,36.3106247,-76.1150606
712,CHOWAN,36.0768949,-76.629641
713,EDGECOMBE,35.9213841,-77.5971695
714,GATES,36.4412509,-76.6944133
715,HALIFAX,36.2494056,-77.66834
716,HERTFORD,36.3560545,-77.0115135
717,MARTIN,35.8134443,-77.0948861
718,NASH,35.992983,-77.9755309
719,NORTHAMPTON,36.4168078,-77.3642227
720,PASQUOTANK,36.2280793,-76.2149621
721,PERQUIMANS,36.1739896,-76.4254832
722,TYRRELL,35.8217079,-76.2126146
723,WASHINGTON,38.889792150000005,-77.04082450120676
724,FRANKLIN,35.90503535,-79.04775326525107
725,WARREN,36.3901694,-78.1052123
726,BLADEN,34.627971,-78.5627714
727,BRUNSWICK,34.0718195,-78.1914215
728,COLUMBUS,34.2814497,-78.666593
729,CUMBERLAND,35.0461723,-78.8394255
730,DUPLIN,34.9464988,-77.9320171
731,HARNETT,35.388093,-78.8624963
732,HOKE,35.0271856,-79.2432785
733,ONSLOW,34.7952348,-77.4215828
734,PENDER,34.5294394,-77.8959525
735,ROBESON,34.6485079,-79.0954942
736,SAMPSON,35.0078434,-78.3609662
737,SCOTLAND,34.8628902,-79.4903372
738,ANSON,34.9705848,-80.0958187
739,CABARRUS,35.4045503,-80.564371
740,CLEVELAND,35.7331953,-80.6770111
741,LINCOLN,35.4866424,-81.2062724
742,MONTGOMERY,35.3299572,-79.8979019
743,MOORE,35.3054614,-79.4761236
744,RICHMOND,35.0288383,-79.7333261
745,STANLY,35.3235477,-80.2391366
746,UNION,34.9795158,-80.5128209
747,PAMLICO,35.1238031,-76.7970224
748,ALEXANDER,35.924738,-81.1716315
749,CATAWBA,35.6740563,-81.2107215
750,CHATHAM,35.7151316,-79.2533035
751,DAVIDSON,35.7902384,-80.2115053
752,IREDELL,35.8101636,-80.8805593
753,LEE,35.4691746,-79.1547643
754,CURRITUCK,36.3918723,-75.9118432
755,DARE,35.6333866,-75.6869011
756,ALLEGHANY,36.5029951,-81.1340843
757,ASHE,36.4393554,-81.5076569
758,AVERY,36.0771285,-81.9230523
759,CALDWELL,35.9417876,-81.5262567
760,SURRY,36.4135582,-80.7013751
761,WATAUGA,36.2228105,-81.6863808
762,WILKES,36.1998247,-81.1341351
763,YADKIN,36.1497114,-80.67623
764,ALAMANCE,36.0702678,-79.3992505
765,CASWELL,36.4035101,-79.3357315
766,DURHAM,35.996653,-78.9018053
767,FORSYTH,36.1476399,-80.2415712
768,GRANVILLE,36.3210127,-78.6593963
769,GUILFORD,36.0875688,-79.7888515
770,ORANGE,35.90503535,-79.04775326525107
771,PERSON,36.3967816,-78.9882995
772,ROCKINGHAM,36.3926798,-79.744144
773,STOKES,36.4120995,-80.2288089
774,VANCE,36.3747423,-78.4140945
775,GASTON,35.2849659,-81.179014
776,MECKLENBURG,35.2356385,-80.8139485
777,BUNCOMBE,35.6292222,-82.5255603
778,BURKE,35.7270403,-81.6632108
779,CHEROKEE,35.1184149,-84.0886181
780,CLAY,35.0572652,-83.7324509
781,GRAHAM,35.359542,-83.8337785
782,HAYWOOD,35.5456202,-82.9907823
783,HENDERSON,35.3389062,-82.4663918
784,JACKSON,35.2962391,-83.1388055
785,MACON,35.1436639,-83.3977297
786,MADISON,35.8482034,-82.6931063
787,MCDOWELL,35.6608869,-82.0482171
788,MITCHELL,36.0001181,-82.1349028
789,POLK,35.2779217,-82.176176
790,RUTHERFORD,35.3994626,-81.9023191
791,SWAIN,35.45819,-83.466275
792,TRANSYLVANIA,35.1982216,-82.7724889
793,YANCEY,35.8875402,-82.3035673
794,CANADIAN,35.5438102,-98.0031532
795,GRADY,35.0507761,-97.8849251
796,KINGFISHER,35.9471931,-97.9641244
797,LINCOLN,35.6961464,-96.8898429
798,MCCLAIN,34.9756991,-97.481167
799,OKLAHOMA,35.5533328,-97.4367741
800,ALFALFA,36.7201825,-98.3087911
801,GARFIELD,36.3735486,-97.7845975
802,GRANT,36.7888817,-97.7824914
803,KAY,36.8384462,-97.1571626
804,MAJOR,36.2860458,-98.4995602
805,NOBLE,36.4129621,-97.2681939
806,WOODWARD,36.374499,-99.2455382
807,DELAWARE,36.4118421,-94.8069453
808,BEAVER,36.7621116,-100.4904955
809,CIMARRON,36.7475509,-102.5402407
810,ELLIS,36.2468449,-99.7883601
811,TEXAS,36.7390314,-101.4953594
812,MCCURTAIN,34.1450295,-94.7802324
813,CADDO,35.131317,-98.3797949
814,COMANCHE,34.6557505,-98.4485103
815,COTTON,34.2907874,-98.3750699
816,GREER,34.9326334,-99.5435856
817,HARMON,34.7486602,-99.8358205
818,JACKSON,34.5976018,-99.4370196
819,KIOWA,34.9425062,-99.019906
820,TILLMAN,34.3835721,-98.9354765
821,BECKHAM,35.2496723,-99.6946079
822,BLAINE,35.8970899,-98.4225961
823,CUSTER,35.6286063,-99.0092034
824,ROGER MILLS,35.6596782,-99.6898104
825,WASHITA,35.2917033,-98.9966972
826,CLEVELAND,35.2301869,-97.3109151
827,CREEK,35.8830723,-96.3835476
828,LOGAN,35.8879493,-97.4621935
829,OKFUSKEE,35.4655548,-96.3102089
830,PAYNE,36.0721527,-96.9456522
831,POTTAWATOMIE,35.1783637,-96.969909
832,HASKELL,35.2084387,-95.1115771
833,HUGHES,35.0458435,-96.2749675
834,MUSKOGEE,35.6630196,-95.3927706
835,OKMULGEE,35.6677078,-95.9690122
836,PITTSBURG,34.9327085,-95.7625858
837,SEQUOYAH,35.5035863,-94.7360577
838,CRAIG,36.7594037,-95.2053495
839,MAYES,36.3047676,-95.2355722
840,NOWATA,36.7798848,-95.6226184
841,OSAGE,36.6189659,-96.401338
842,OTTAWA,36.8223646,-94.8186091
843,PAWNEE,36.3151645,-96.7200995
844,ROGERS,36.3781607,-95.6190889
845,WAGONER,35.9542216,-95.5636238
846,WASHINGTON,36.6930592,-95.9078261
847,HARPER,36.7804883,-99.6710032
848,BRYAN,33.95386,-96.3154827
849,GARVIN,34.7258964,-97.3522579
850,JOHNSTON,34.31888,-96.6752298
851,LOVE,33.9852998,-97.2526992
852,MARSHALL,34.0497884,-96.7808049
853,PONTOTOC,34.707331,-96.6814853
854,STEPHENS,34.4858287,-97.8636045
855,CHOCTAW,34.0246234,-95.52055
856,LEFLORE,34.8987103,-94.9802358
857,ADAIR,35.8783136,-94.6567402
858,WOODS,36.7915843,-98.8313546
859,ATOKA,34.3284948,-96.017838
860,DEWEY,35.9795036,-98.9816579
861,CALHOUN,33.6567769,-80.7603948
862,CLARENDON,33.6653463,-80.2277002
863,LEE,34.1619217,-80.2539608
864,LEXINGTON,33.8986841,-81.275054
865,ORANGEBURG,33.4918203,-80.8556476
866,RICHLAND,34.0190006,-80.9176832
867,SUMTER,33.8998826,-80.3237032
868,CHESTERFIELD,34.6500578,-80.1417843
869,DARLINGTON,34.3609331,-79.9438572
870,DILLON,34.4014089,-79.3864339
871,FLORENCE,34.1984435,-79.7671658
872,GEORGETOWN,33.4392245,-79.3343041
873,HORRY,33.9204504,-78.9578973
874,MARION,34.0572007,-79.3987578
875,MARLBORO,34.5810346,-79.6742033
876,WILLIAMSBURG,33.6442699,-79.7442135
877,CHESTER,34.6859896,-81.1545073
878,YORK,34.9603293,-81.1655408
879,ANDERSON,34.5258335,-82.652962
880,ALLENDALE,32.9635006,-81.3400056
881,BAMBERG,33.2130154,-81.0166235
882,BARNWELL,33.2641009,-81.4190808
883,BERKELEY,33.1595951,-79.9070461
884,COLLETON,32.8620726,-80.677114
885,DORCHESTER,33.0756291,-80.3431133
886,HAMPTON,32.7861789,-81.1237271
887,JASPER,32.4048602,-81.0414726
888,ABBEVILLE,34.2264946,-82.4364036
889,AIKEN,33.5723191,-81.6182086
890,EDGEFIELD,33.7635851,-81.9759066
891,NEWBERRY,34.3266879,-81.5830086
892,FAIRFIELD,34.4091797,-81.1131228
893,KERSHAW,34.3334398,-80.5669895
894,LANCASTER,34.6628067,-80.700546
895,CHEROKEE,35.0372626,-81.6480755
896,GREENVILLE,34.851354,-82.3984882
897,LAURENS,34.4646451,-81.9944042
898,OCONEE,34.7622221,-83.1099645
899,PICKENS,34.8882592,-82.7193824
900,SPARTANBURG,34.9498007,-81.9320157
901,UNION,34.6941696,-81.642794
902,BEAUFORT,32.3850708,-80.6923169
903,CHARLESTON,32.7884363,-79.9399309
904,GREENWOOD,34.1921466,-82.161424452277
905,MCCORMICK,33.8795325,-82.2797719
906,SALUDA,34.0015232,-81.7720522
907,GILES,35.2178285,-87.0296239
908,LINCOLN,35.1711024,-86.5783704
909,MACON,36.5237906,-86.0130908
910,RUTHERFORD,35.8563421,-86.4205249
911,FRANKLIN,35.1680139,-86.1084401
912,DYER,36.0543272,-89.4208221
913,LAKE,36.3379566,-89.4685963
914,LAUDERDALE,35.7579793,-89.6175055
915,OBION,36.3556031,-89.1748819
916,SHELBY,35.1782557,-89.8739775
917,TIPTON,35.499348,-89.7487432
918,CARTER,36.2840805,-82.1194772
919,CARROLL,35.9631851,-88.4487987
920,CHESTER,35.4265564,-88.6009817
921,CROCKETT,35.8010059,-89.1300063
922,FAYETTE,35.1739357,-89.4175416
923,GIBSON,35.9745692,-88.932729
924,HARDEMAN,35.1743058,-88.9963359
925,HARDIN,35.1946569,-88.1857563
926,HAYWOOD,35.5675653,-89.287824
927,HENDERSON,35.6418311,-88.3949437
928,HENRY,36.3180775,-88.3108196
929,MADISON,35.6055887,-88.852119
930,MCNAIRY,35.1663375,-88.5766172
931,WEAKLEY,36.2902404,-88.7263475
932,LAWRENCE,35.2256914,-87.4016388
933,BEDFORD,35.5099479,-86.4507189
934,CANNON,35.8044159,-86.0512075
935,CLAY,36.5125924,-85.5323062
936,DAVIDSON,36.189724,-86.7857862
937,JACKSON,35.6144446,-88.8177418
938,MARSHALL,35.4814932,-86.7711675
939,MAURY,35.6285992,-87.0736684
940,SMITH,35.8092329,-88.539775
941,SUMNER,36.4496718,-86.4685413
942,TROUSDALE,36.3882376,-86.1332156
943,WILLIAMSON,35.8772991,-86.8978708
944,WILSON,36.1466658,-86.3119998
945,BLEDSOE,35.5943104,-85.2104415
946,COFFEE,35.4906115,-86.069633
947,CUMBERLAND,35.953805,-84.9748195
948,FENTRESS,36.360098,-84.92623131457722
949,GRUNDY,35.3697894,-85.7106606
950,MARION,35.1507807,-85.617868
951,MORGAN,36.1372409,-84.629496
952,OVERTON,36.3396292,-85.286641
953,PICKETT,36.5739954,-85.0985126
954,PUTNAM,36.1379872,-85.4553784
955,SCOTT,36.4380433,-84.5095507
956,SEQUATCHIE,35.3594724,-85.401448
957,VAN BUREN,35.6793776,-85.4450289
958,WARREN,35.6889753,-85.7796626
959,WHITE,35.9245897,-85.4630947
960,ANDERSON,36.1063226,-84.1849939
961,BLOUNT,35.6719722,-83.9314465
962,BRADLEY,35.1694469,-84.855938
963,CAMPBELL,36.3865389,-84.1351617
964,CLAIBORNE,36.4673161,-83.6786377
965,COCKE,35.9467093,-83.103978
966,GRAINGER,36.2810821,-83.5107018
967,GREENE,36.1698443,-82.8766356
968,HAMBLEN,36.2068067,-83.267995
969,HAMILTON,35.1755638,-85.1940792
970,HANCOCK,36.5219631,-83.2459271
971,HAWKINS,36.429878,-82.9568899
972,JEFFERSON,36.040946,-83.4596349
973,JOHNSON,36.443004,-81.8434683
974,KNOX,35.9859998,-83.9375598
975,LOUDON,35.7490023,-84.320293
976,MCMINN,35.444223,-84.624875
977,MEIGS,35.51017,-84.8109718
978,MONROE,35.4397238,-84.239964
979,POLK,35.1269463,-84.5303524
980,RHEA,35.6123863,-84.9347264
981,ROANE,35.84857,-84.5225522
982,SEVIER,35.8047065,-83.5291901
983,SULLIVAN,36.4966673,-82.286903
984,UNICOI,36.1072175,-82.444068
985,UNION,36.2979687,-83.8451468
986,WASHINGTON,36.2636501,-82.4911791
987,BENTON,36.0345286,-88.101285
988,DECATUR,35.6067875,-88.1083982
989,CHEATHAM,36.2444954,-87.0967857
990,DICKSON,36.1459327,-87.3480592
991,HICKMAN,35.794948,-87.4646163
992,HOUSTON,36.2696163,-87.7406571
993,HUMPHREYS,36.018558,-87.7721645
994,LEWIS,35.5291497,-87.4950257
995,MONTGOMERY,36.4803824,-87.3786221
996,PERRY,35.6337989,-87.8498777
997,ROBERTSON,36.4996336,-86.8519164
998,STEWART,36.5092672,-87.8252756
999,WAYNE,35.2499093,-87.8084373
1000,BELL,31.0081659,-97.4314413
1001,BOSQUE,31.8778358,-97.6561014
1002,COLLIN,33.1609629,-96.6060984
1003,COOKE,33.582486,-97.2055298
1004,CORYELL,31.3689333,-97.8184077
1005,DELTA,33.3926893,-95.6749486
1006,DENTON,33.1838787,-97.1413417
1007,ELLIS,32.3347829,-96.7920233
1008,FALLS,31.2320941,-96.9262126
1009,FANNIN,33.5372542,-96.0902822
1010,GRAYSON,33.5636114,-96.6702111
1011,HAMILTON,31.6429346,-97.9715967
1012,HILL,31.9595085,-97.0881654
1013,HUNT,33.1161567,-96.0808922
1014,JOHNSON,32.3766071,-97.3568623
1015,KAUFMAN,32.601641,-96.3375126
1016,LAMAR,33.6383552,-95.582343
1017,LIMESTONE,31.5261854,-96.580617
1018,MCLENNAN,31.5487691,-97.2189254
1019,MILAM,30.7626867,-96.9981706
1020,NAVARRO,32.0279525,-96.4985456
1021,ROCKWALL,32.8923464,-96.4066987
1022,WILLIAMSON,30.6580927,-97.6041649
1023,KLEBERG,27.3983129,-97.7485096
1024,NUECES,27.7153774,-97.6199942
1025,REFUGIO,28.3171012,-97.2394101
1026,SAN PATRICIO,28.0003594,-97.50204408532724
1027,ARCHER,33.5816594,-98.7044869
1028,BROWN,31.7525184,-98.9904722
1029,CALLAHAN,32.2810409,-99.3612437
1030,CLAY,33.6856157,-98.2123296
1031,COMANCHE,31.9130171,-98.527388
1032,EASTLAND,32.2978594,-98.8630896
1033,ERATH,32.1954856,-98.2213499
1034,PARKER,32.77725975,-97.80455986920202
1035,SHACKELFORD,32.7088752,-99.3307616
1036,THROCKMORTON,33.1571081,-99.2017838
1037,WISE,33.2139213,-97.6563925
1038,YOUNG,33.1508315,-98.6962766
1039,ANDERSON,31.7819242,-95.6258199
1040,BOWIE,33.4198886,-94.4479626
1041,FRANKLIN,33.2002659,-95.2231752
1042,HARRISON,32.5233959,-94.3982158
1043,HOPKINS,33.1368252,-95.5656578
1044,HOUSTON,29.7589382,-95.3676974
1045,BRAZOS,30.6993189,-96.3497772
1046,FREESTONE,31.6924428,-96.1629601
1047,GRIMES,30.5169334,-95.9943034
1048,MADISON,30.9551586,-95.9507234
1049,ROBERTSON,31.0339058,-96.5079742
1050,SAN JACINTO,30.5083577,-95.1902362
1051,WALKER,30.6795741,-95.5522823
1052,WALLER,29.9443902,-95.9955885
1053,BLANCO,30.2419274,-98.4004594
1054,BURNET,30.7763939,-98.1700016
1055,COKE,31.8695226,-100.5474369
1056,CONCHO,31.3102947,-99.8507578
1057,IRION,31.2931196,-100.980073
1058,KINNEY,29.326416,-100.4165707
1059,LLANO,30.6663312,-98.6970374
1060,MCCULLOCH,31.1699604,-99.3885277
1061,REAGAN,31.3458428,-101.5295291
1062,SAN SABA,31.122268,-98.8397049
1063,SCHLEICHER,30.8791222,-100.5418961
1064,TOM GREEN,31.3782559,-100.4133839
1065,UPTON,31.3720387,-102.0386055
1066,UVALDE,29.300357,-99.7733181
1067,CAMERON,26.1291189,-97.4134281
1068,HIDALGO,26.3530256,-98.216445
1069,STARR,26.5630409,-98.7479897
1070,WILLACY,26.4553947,-97.5947484
1071,ARMSTRONG,34.9295608,-101.3449139
1072,BRISCOE,34.4795161,-101.1875029
1073,CARSON,35.3636563,-101.3353895
1074,CASTRO,34.4952536,-102.2592314
1075,DALLAM,36.3127064,-102.616685
1076,DEAF SMITH,34.9323974,-102.5983118
1077,FLOYD,34.0266015,-101.2765537
1078,GRAY,35.3711816,-100.7892236
1079,HALE,34.0321298,-101.8088827
1080,HANSFORD,36.2563401,-101.3621472
1081,HARTLEY,35.8418438,-102.6145811
1082,HEMPHILL,35.8293476,-100.2564532
1083,HUTCHINSON,35.8148236,-101.34844
1084,LIPSCOMB,36.2695629,-100.2711772
1085,MOORE,35.8156121,-101.9104355
1086,OCHILTREE,36.2559217,-100.8138152
1087,OLDHAM,35.3907651,-102.6193428
1088,PARMER,34.4901153,-102.768021
1089,POTTER,35.3683354,-101.8776577
1090,RANDALL,34.9444713,-101.8850309
1091,ROBERTS,35.8309752,-100.8058034
1092,SHERMAN,36.2452294,-101.8858689
1093,SWISHER,34.47235,-101.7119955
1094,BORDEN,32.6879416,-101.425711
1095,CHILDRESS,34.519656850000004,-100.20676557187427
1096,COLLINGSWORTH,34.9487017,-100.2669137
1097,COTTLE,34.0573118,-100.283259
1098,DICKENS,33.6170056,-100.7614115
1099,DONLEY,34.9315007,-100.8145306
1100,FOARD,33.9502317,-99.7310158
1101,GARZA,33.1414018,-101.287742
1102,HALL,34.5036637,-100.6536777
1103,HARDEMAN,34.2510707,-99.7322571
1104,KENT,33.1665316,-100.7846477
1105,KING,33.588178,-100.2178972
1106,MOTLEY,34.0395459,-100.7744062
1107,WHEELER,35.3921902,-100.2632764
1108,WICHITA,33.9516534,-98.7088886
1109,WILBARGER,34.0265157,-99.2085961
1110,AUSTIN,30.2711286,-97.7436995
1111,BEE,28.3871179,-97.7191838
1112,BEXAR,29.4263987,-98.5104781
1113,BURLESON,30.4764878,-96.6353488
1114,CALDWELL,29.8298971,-97.5959641
1115,COLORADO,29.6099609,-96.5478826
1116,FAYETTE,29.8381635,-96.9559692
1117,GOLIAD,28.6467776,-97.4379552
1118,GONZALES,29.4436555,-97.5108636
1119,GUADALUPE,29.6480061,-97.8279576
1120,HAYS,30.0447901,-98.0393127
1121,KARNES,28.8791858,-97.9062893
1122,MEDINA,29.2836281,-99.1126826
1123,TRAVIS,30.2878569,-97.7561392
1124,WASHINGTON,30.2226352,-96.3936114
1125,WILSON,29.1589961,-98.1251465
1126,ATASCOSA,28.8554434,-98.5316314
1127,DIMMIT,28.3821949,-99.7178226
1128,FRIO,28.8352831,-99.1226618
1129,JIM WELLS,27.8067733,-98.1084601
1130,LIVE OAK,28.2678746,-98.101923
1131,ZAPATA,26.9879626,-99.1673556
1132,ZAVALA,28.8366612,-99.767631
1133,ANDREWS,32.2690953,-102.6042447
1134,BAILEY,34.0349194,-102.8149372
1135,COCHRAN,33.5905096,-102.805677
1136,CROSBY,33.5778818,-101.2855737
1137,DAWSON,32.7410762,-101.9576048
1138,GAINES,32.7044935,-102.6220553
1139,GLASSCOCK,31.8640224,-101.4811312
1140,HOCKLEY,33.5714311,-102.3110415
1141,HOWARD,32.3047833,-101.4271085
1142,LAMB,34.0321667,-102.3429233
1143,LUBBOCK,33.5634402,-101.8792389
1144,LYNN,33.1474257,-101.812592
1145,MARTIN,32.2675039,-101.9190317
1146,MIDLAND,31.83688,-102.0103767
1147,TERRY,33.1514254,-102.3328121
1148,YOAKUM,33.1536951,-102.833579
1149,BAYLOR,33.574962,-99.2000611
1150,COLEMAN,31.7766863,-99.4461098
1151,FISHER,32.7090882,-100.3811922
1152,HASKELL,33.1542164,-99.7199972
1153,JONES,32.7135946,-99.8606106
1154,KNOX,33.5871385,-99.7073621
1155,MITCHELL,32.2898049,-100.9213003
1156,NOLAN,32.2719306,-100.3987748
1157,RUNNELS,31.8282551,-99.9779922
1158,SCURRY,32.7225172,-100.9052015
1159,STONEWALL,33.1571742,-100.2453011
1160,TAYLOR,32.2793121,-99.8812612
1161,BREWSTER,29.8462742,-103.2400734
1162,EL PASO,31.7550511,-106.4882345
1163,HUDSPETH,31.5388627,-105.4752945
1164,PECOS,30.7857437,-102.8065415
1165,REEVES,31.232003,-103.6583657
1166,BRAZORIA,29.18161,-95.4993375
1167,CALHOUN,28.5031572,-96.6736551
1168,FORT BEND,29.511218,-95.7807348
1169,HARRIS,29.8119769,-95.3741247
1170,JACKSON,28.9224028,-96.55561
1171,MATAGORDA,28.8879823,-96.0035095
1172,VICTORIA,28.8026443,-96.9766308
1173,WHARTON,29.2454534,-96.2291474
1174,DALLAS,32.7762719,-96.7968559
1175,TARRANT,32.7513658,-97.335696
1176,MILLS,31.4861082,-98.5527272
1177,CASS,33.0560857,-94.3510366
1178,HENDERSON,32.182598,-95.7893178
1179,NACOGDOCHES,31.5970503,-94.5927451
1180,PANOLA,32.1367712,-94.3130073
1181,RED RIVER,33.571979,-95.0429674
1182,RUSK,32.051377,-94.7906553
1183,SHELBY,31.7716364,-94.1301652
1184,SMITH,32.3402898,-95.2563971
1185,TITUS,33.2040399,-94.9651725
1186,WOOD,32.7577475,-95.3812941
1187,HARDIN,30.3049642,-94.403904
1188,JASPER,30.7485258,-94.000884
1189,LEON,31.2715127,-95.9953382
1190,MONTGOMERY,30.301949,-95.5065944
1191,NEWTON,30.8118989,-93.740504
1192,POLK,30.7642828,-94.8192175
1193,SABINE,31.3325489,-93.8722218
1194,SAN AUGUSTINE,31.3970365,-94.1751389
1195,TRINITY,31.0834452,-95.1219348
1196,EDWARDS,29.9116617,-100.3457636
1197,GILLESPIE,30.2954086,-98.9086643
1198,KENDALL,29.943885,-98.7258845
1199,BASTROP,30.0541116,-97.3887764
1200,COMAL,29.7979704,-98.2690787
1201,DE WITT,29.502765,-97.441469
1202,LAVACA,29.3703333,-96.9334531
1203,LEE,30.3031353,-96.9588587
1204,LA SALLE,28.3391148,-99.0982257
1205,MCMULLEN,28.3138785,-98.5527241
1206,CHAMBERS,29.7191125,-94.5412295
1207,LIBERTY,30.0856736,-94.7856262
1208,ORANGE,30.1228634,-93.9041169
1209,MONTAGUE,33.6205753,-97.7215754
1210,STEPHENS,32.6944793,-98.8200722
1211,DUVAL,27.6708701,-98.5121975
1212,JEFFERSON,29.834772,-94.1704496
1213,ACCOMACK,37.7422207,-75.6743538
1214,CHARLES CITY,37.3705777,-77.0605098
1215,NORTHAMPTON,37.3688433,-75.9265679
1216,NORTHUMBERLAND,37.9314992,-76.4836686
1217,BRUNSWICK,36.7788996,-77.8670883
1218,DINWIDDIE,37.0712818,-77.6480714
1219,GREENSVILLE,36.6405713,-77.5768298
1220,ISLE OF WIGHT,36.8953677,-76.7248143
1221,SOUTHAMPTON,36.6959378,-77.1586002
1222,SUFFOLK CITY,36.7427673,-76.6241825
1223,SURRY,37.1118778,-76.895924
1224,SUSSEX,36.9096897,-77.2741121
1225,ALBEMARLE,38.0085107,-78.6086754
1226,AMELIA,37.3319664,-78.008448
1227,AMHERST,37.5997548,-79.1483701
1228,APPOMATTOX,37.3586336,-78.8265053
1229,BEDFORD,37.3123905,-79.5399003
1230,BUCKINGHAM,37.5558826,-78.5547172
1231,CAMPBELL,37.2158191,-79.1165953
1232,CAROLINE,38.0320305,-77.362363
1233,CHESTERFIELD,37.3859982,-77.578509
1234,CUMBERLAND,37.5004191,-78.2469202
1235,FLUVANNA,37.8488527,-78.2789994
1236,GOOCHLAND,37.7204342,-77.8837984
1237,GREENE,38.2954503,-78.4704823
1238,HANOVER,37.744783,-77.4464165
1239,HENRICO,37.5131191,-77.3465081
1240,LOUISA,37.9854441,-77.9486307
1241,NELSON,37.7755351,-78.8973622
1242,ORANGE,38.2490349,-78.013983
1243,POWHATAN,37.5531622,-77.9112655
1244,PRINCE EDWARD,37.2293293,-78.4628573
1245,SPOTSYLVANIA,38.1880936,-77.6741751
1246,ESSEX,37.9140592,-76.9326385
1247,GLOUCESTER,37.4452288,-76.5594479
1248,JAMES CITY,37.3211485,-76.7972515
1249,KING AND QUEEN,37.7196754,-76.8794158
1250,KING GEORGE,38.2786312,-77.175356
1251,KING WILLIAM,37.6940722,-77.0690284
1252,LANCASTER,37.7625738,-76.4723233
1253,MATHEWS,37.4481394,-76.331696
1254,MIDDLESEX,37.6221412,-76.5904374
1255,NEW KENT,37.4974701,-76.9990453
1256,RICHMOND,37.5385087,-77.43428
1257,WESTMORELAND,38.1153203,-76.7567355
1258,CLARKE,39.119728,-77.9926448
1259,CULPEPER,38.4912207,-77.9618216
1260,FAIRFAX,38.8156356,-77.2836849
1261,FAUQUIER,38.7513714,-77.8141221
1262,FREDERICK,39.2127031,-78.279166
1263,LOUDOUN,39.0984586,-77.6705008
1264,MADISON,38.4114615,-78.2846634
1265,PAGE,38.6002354,-78.5016516
1266,PRINCE WILLIAM,38.7389846,-77.5536743
1267,RAPPAHANNOCK,38.6926326,-78.1495818
1268,ROCKINGHAM,38.5080288,-78.8949442
1269,SHENANDOAH,38.856559,-78.5890893
1270,STAFFORD,38.4167265,-77.4579783
1271,WARREN,38.9131907,-78.2096656
1272,CHESAPEAKE CITY,36.7503719,-76.22857998050293
1273,MECKLENBURG,36.6798483,-78.314746
1274,PRINCE GEORGE,37.1815024,-77.2153144
1275,VIRGINIA BEACH CITY,36.5943204,-75.8876014
1276,CHARLOTTE,37.0416273,-78.6523968
1277,FRANKLIN,37.0527719,-79.8813093
1278,HALIFAX,36.747244,-78.9425634
1279,LUNENBURG,36.9445279,-78.2562001
1280,NOTTOWAY,37.1489448,-78.0583926
1281,PATRICK,36.6818706,-80.284636
1282,PITTSYLVANIA,36.8121678,-79.4364106
1283,BLAND,37.1312101,-81.1154109
1284,BUCHANAN,37.2600448,-82.0320334
1285,CARROLL,36.7365816,-80.7439791
1286,DICKENSON,37.1226368,-82.359691
1287,FLOYD,36.9157056,-80.3876889
1288,GILES,37.3088528,-80.7098781
1289,GRAYSON,36.6512208,-81.2114025
1290,LEE,36.6841272,-83.0973211
1291,MONTGOMERY,38.1803833,-81.3284452
1292,PULASKI,37.0580572,-80.7297289
1293,RUSSELL,36.9251814,-82.1147841
1294,SCOTT,36.7117473,-82.5893052
1295,SMYTH,36.8440149,-81.5418453
1296,TAZEWELL,37.1236041,-81.5684129
1297,WASHINGTON,36.740236,-81.9421666
1298,WISE,37.0170633,-82.6103804
1299,WYTHE,36.9118401,-81.0639347
1300,ALLEGHANY,37.8167022,-80.0227166
1301,AUGUSTA,38.1793809,-79.1525761
1302,BATH,39.6267975,-78.2279514
1303,BOTETOURT,37.5520825,-79.8029569
1304,CRAIG,37.4760225,-80.1990826
1305,HIGHLAND,38.3841897,-79.5907978
1306,ROCKBRIDGE,37.8331804,-79.4622597
1307,HENRY,36.6725813,-79.9242922
1308,ADAMS,39.8714085,-104.2701374
1309,ARAPAHOE,39.6416781,-104.3628567
1310,CHEYENNE,38.8307233,-102.6177692
1311,EL PASO,38.8287435,-104.5253456
1312,ELBERT,39.3138822,-104.0868973
1313,KIOWA,38.4411214,-102.7628476
1314,KIT CARSON,39.3080613,-102.62075
1315,LINCOLN,38.9208296,-103.4885462
1316,PHILLIPS,40.5888329,-102.3701723
1317,WASHINGTON,39.9017011,-103.1521676
1318,YUMA,40.0163487,-102.458253
1319,BOULDER,40.0149856,-105.270545
1320,BROOMFIELD,39.9403995,-105.05208
1321,JEFFERSON,39.5699803,-105.2561919
1322,LARIMER,40.6810174,-105.4726907
1323,LOGAN,40.7250975,-103.1221379
1324,MORGAN,40.2407621,-103.8225695
1325,SEDGWICK,40.8698595,-102.3777262
1326,WELD,40.5632344,-104.4835287
1327,JACKSON,40.6531945,-106.3447246
1328,CONEJOS,37.1851939,-106.1655431
1329,BACA,37.3147687,-102.5770885
1330,BENT,37.9421152,-103.0964287
1331,CROWLEY,38.3394806,-103.8263042
1332,LAS ANIMAS,37.3096626,-104.0591427
1333,OTERO,37.8872079,-103.7415268
1334,PROWERS,37.9455797,-102.4130793
1335,PUEBLO,38.2544472,-104.609141
1336,DELTA,38.8368777,-107.8568294
1337,DOLORES,37.7524811,-108.4596087
1338,GARFIELD,39.5462048,-107.8776144
1339,LA PLATA,37.2889732,-107.8539029
1340,MESA,39.0589084,-108.565996
1341,MONTEZUMA,37.3476546,-108.6260849
1342,MONTROSE,38.4375391,-108.2403855
1343,SAN MIGUEL,38.0292476,-108.4712533
1344,ALAMOSA,37.5780995,-105.7890452
1345,SAGUACHE,38.0945348,-106.3563372
1346,FAIRFIELD,41.1412078,-73.2637258
1347,HARTFORD,41.764582,-72.6908547
1348,LITCHFIELD,41.7587013,-73.25978104739022
1349,NEW HAVEN,41.3082138,-72.9250518
1350,NEW LONDON,41.3556187,-72.0997804
1351,TOLLAND,41.8028937,-72.241671
1352,WINDHAM,41.6993535,-72.1578243
1353,KENT,39.1156594,-75.484116
1354,NEW CASTLE,39.6159851,-75.662956
1355,SUSSEX,38.6908097,-75.3691421
1356,KAUAI,22.050466550000003,-159.55876775017003
1357,HONOLULU,21.304547,-157.855676
1358,BANNOCK,42.6936188,-112.2506044
1359,BINGHAM,43.1881598,-112.3598354
1360,BONNEVILLE,43.3993844,-111.4752257
1361,CARIBOU,42.780196,-111.6052607
1362,FRANKLIN,42.1093652,-111.8203389
1363,JEFFERSON,43.8010248,-112.3498022
1364,MADISON,43.7740801,-111.6304151
1365,POWER,42.6769078,-112.8869775
1366,CAMAS,43.4064019,-114.8070143
1367,CASSIA,42.2219306,-113.5777087
1368,GOODING,43.0031041,-114.8286924
1369,JEROME,42.702266,-114.2867043
1370,LINCOLN,43.0138672,-114.1650584
1371,MINIDOKA,42.844092,-113.6059588
1372,TWIN FALLS,42.5704456,-114.4602554
1373,ADA,43.4136539,-116.2367421
1374,ADAMS,44.8677448,-116.4572399
1375,CANYON,43.6435692,-116.7017144
1376,ELMORE,43.3073766,-115.5411027
1377,GEM,44.0123019,-116.3846609
1378,OWYHEE,42.4677336,-116.1590085
1379,PAYETTE,44.0374651,-116.7651123
1380,WASHINGTON,44.3986887,-116.7400859
1381,DE WITT,40.1811468,-88.7861844
1382,LOGAN,40.1075089,-89.3768539
1383,MACON,39.8455208,-88.9602376
1384,MARSHALL,41.0324537,-89.2998456
1385,MASON,40.2302271,-89.8660433
1386,MCLEAN,40.4631789,-88.8196613
1387,MENARD,40.0166667,-89.7858065
1388,PEORIA,40.6938609,-89.5891008
1389,STARK,41.0712135,-89.8066831
1390,TAZEWELL,40.5126429,-89.5442084
1391,WOODFORD,40.8145359,-89.2074215
1392,CHAMPAIGN,40.1164841,-88.2430932
1393,FORD,40.4980955,-88.2552987
1394,IROQUOIS,40.7351265,-87.8309209
1395,KANKAKEE,41.1253903,-87.848682
1396,LIVINGSTON,40.8682487,-88.5631125
1397,PIATT,39.967291,-88.6072399
1398,VERMILION,40.1749809,-87.7323857
1399,CLARK,39.3260541,-87.7838526
1400,CLAY,38.7340694,-88.4910693
1401,COLES,39.5266741,-88.2184999
1402,CRAWFORD,39.0131644,-87.7291001
1403,CUMBERLAND,39.2744299,-88.2423795
1404,DOUGLAS,39.7628415,-88.2170516
1405,EDGAR,39.6714952,-87.7340364
1406,EFFINGHAM,39.0520902,-88.6029006
1407,FAYETTE,39.0001282,-89.0430211
1408,JASPER,39.0082423,-88.1552371
1409,LAWRENCE,38.710333000000006,-87.71433590428737
1410,MARION,38.6477381,-88.9232112
1411,MOULTRIE,39.6391442,-88.6087498
1412,RICHLAND,38.7060457,-88.0949352
1413,SHELBY,39.3665064,-88.7886278
1414,BOONE,42.321246,-88.8235511
1415,COOK,41.8197385,-87.756525
1416,DE KALB,42.0047639,-89.10989911795025
1417,DU PAGE,42.0189782,-88.1075303
1418,GRUNDY,41.2747363,-88.4119361
1419,KANE,41.923434,-88.4248315
1420,KENDALL,41.5853584,-88.4319488
1421,LA SALLE,41.3333679,-89.0917497
1422,LAKE,42.3327033,-87.9939552
1423,MCHENRY,42.3294391,-88.4605713
1424,WILL,41.4194058,-87.9994754
1425,BUREAU,41.4016294,-89.5341179
1426,CARROLL,42.0647352,-89.9556785
1427,HENRY,41.3418549,-90.1177442
1428,JO DAVIESS,42.3506664,-90.1743742
1429,LEE,41.74731105,-89.28602959086061
1430,MERCER,41.2019729,-90.7398717
1431,OGLE,42.0397014,-89.3138599
1432,PUTNAM,41.2025915,-89.2676414
1433,ROCK ISLAND,41.4411786,-90.5766144
1434,STEPHENSON,42.3503474,-89.6735637
1435,WHITESIDE,41.7612332,-89.9214744
1436,WINNEBAGO,42.3255276,-89.1496574
1437,EDWARDS,38.410254,-88.0584362
1438,FRANKLIN,37.9765409,-88.9335327
1439,GALLATIN,37.7509507,-88.2264519
1440,HAMILTON,38.0619569,-88.5301136
1441,HARDIN,37.4999684,-88.23783528339774
1442,JEFFERSON,38.3010487,-88.9344303
1443,MASSAC,37.2177417,-88.7163312
1444,POPE,37.3933531,-88.5904425
1445,SALINE,37.750075,-88.5302584
1446,WABASH,38.4615994,-87.8460903
1447,WAYNE,38.4251958,-88.4197678
1448,WHITE,38.0632329,-88.1577725
1449,ALEXANDER,37.1801529,-89.3502834
1450,CLINTON,38.5896187,-89.420064
1451,JACKSON,37.7668943,-89.3563845
1452,JOHNSON,37.4501818,-88.8844045
1453,MONROE,38.2722313,-90.1792484
1454,PERRY,38.0772859,-89.3760499
1455,PULASKI,37.2314232,-89.1183427
1456,RANDOLPH,38.0472916,-89.8107962
1457,ST CLAIR,38.4616972,-89.9324347
1458,UNION,37.4616454,-89.2504793
1459,WASHINGTON,38.3662806,-89.4201902
1460,WILLIAMSON,37.737632500000004,-88.92944520134037
1461,ADAMS,39.9787786,-91.2110065
1462,BROWN,39.9498214,-90.7485656
1463,FULTON,40.4714305,-90.1845556
1464,HANCOCK,40.3941712,-91.1458063
1465,HENDERSON,40.8156124,-90.9104547
1466,KNOX,40.920889,-90.2202325
1467,MCDONOUGH,40.4376858,-90.6780272
1468,SCHUYLER,40.1370869,-90.5697373
1469,WARREN,40.8442828,-90.6168408
1470,BOND,38.8630331,-89.4391416
1471,CALHOUN,39.1397507,-90.6506113
1472,CASS,39.9682127,-90.250722
1473,CHRISTIAN,39.5212598,-89.2829783
1474,GREENE,39.3573664,-90.3898985
1475,JERSEY,39.0848464,-90.3303344
1476,MACOUPIN,39.2420653,-89.925212
1477,MADISON,38.811063,-89.9017112
1478,MONTGOMERY,39.2052633,-89.5057126
1479,MORGAN,39.7062265,-90.190335
1480,PIKE,39.6108707,-90.8538306
1481,SANGAMON,39.7623668,-89.6454905
1482,SCOTT,39.6333408,-90.4753685
1483,BARTHOLOMEW,39.1914156,-85.8204601
1484,BOONE,40.0459913,-86.4650842
1485,CLINTON,40.2992769,-86.4692735
1486,DECATUR,39.2862128,-85.4943058
1487,GRANT,40.5114735,-85.6540606
1488,HAMILTON,40.0749813,-86.0498885
1489,HANCOCK,39.8127873,-85.7874738
1490,HENDRICKS,39.7565309,-86.5173641
1491,HOWARD,40.4787061,-86.1350343
1492,JOHNSON,39.4891804,-86.1079903
1493,MADISON,40.1624531,-85.7260804
1494,MARION,40.5583739,-85.6591442
1495,MORGAN,39.4665575,-86.4556794
1496,RUSH,39.6220357,-85.4731911
1497,SHELBY,39.493485,-85.8190596
1498,TIPTON,40.2899154,-86.058442
1499,BLACKFORD,40.4692826,-85.3305529
1500,DELAWARE,39.1478313,-85.2071816
1501,FAYETTE,39.619235,-85.179378
1502,HENRY,39.9297608,-85.4043542
1503,JAY,40.4370864,-85.0212356
1504,RANDOLPH,40.1560108,-85.011566
1505,UNION,39.6196086,-84.9292376
1506,WAYNE,39.8638778,-85.0198586
1507,CARROLL,40.5802239,-86.5693296
1508,CASS,40.7808235,-86.3449159
1509,ELKHART,41.6012796,-85.8590603
1510,FULTON,41.0421416,-86.2875206
1511,KOSCIUSKO,41.2351957,-85.8529731
1512,MARSHALL,41.322843,-86.2809625
1513,MIAMI,40.6144919,-86.1059443
1514,ST. JOSEPH,41.5941578,-86.2787334
1515,WABASH,40.8065352,-85.7833563
1516,ADAMS,40.7371667,-84.9347295
1517,ALLEN,41.0975573,-85.0562084
1518,DE KALB,41.5280047,-85.814309
1519,HUNTINGTON,40.8008286,-85.5018494
1520,LAGRANGE,41.6372578,-85.4216948
1521,NOBLE,41.3990708,-85.4193348
1522,STEUBEN,41.6414101,-85.0023642
1523,WELLS,40.7013353,-85.2116102
1524,WHITLEY,41.1238216,-85.5035187
1525,BENTON,40.6034281,-87.3235164
1526,JASPER,41.0321808,-87.1066598
1527,LA PORTE,41.6105983,-86.7225227
1528,LAKE,41.728126149999994,-84.82771265
1529,NEWTON,40.939576,-87.3966953
1530,PORTER,41.4457032,-87.0724971
1531,PULASKI,41.031393,-86.6990692
1532,STARKE,41.2753164,-86.6457565
1533,WHITE,40.7422434,-86.8713913
1534,BROWN,39.1682855,-86.2297004
1535,CRAWFORD,38.304425,-86.444022
1536,FLOYD,38.3176799,-85.8996295
1537,HARRISON,38.1816187,-86.1066917
1538,JACKSON,38.9023184,-86.0650856
1539,LAWRENCE,38.8400395,-86.4880717
1540,MONROE,39.1296076,-86.5186372
1541,ORANGE,38.5421361,-86.4953216
1542,PERRY,38.0893386,-86.632911
1543,WASHINGTON,38.5612578,-86.1179768
1544,CLARK,38.4941217,-85.7169081
1545,DEARBORN,39.1340338,-84.9820997
1546,FRANKLIN,39.4149034,-85.0563234
1547,JEFFERSON,38.8166724,-85.4299489
1548,JENNINGS,38.9957749,-85.6359201
1549,OHIO,38.9480496,-84.9581728
1550,RIPLEY,39.0846316,-85.2691784
1551,SCOTT,38.6727039,-85.7444145
1552,SWITZERLAND,38.8249258,-85.0373975
1553,DAVIESS,38.6776099,-87.0813484
1554,DUBOIS,38.3644324,-86.8870278
1555,GIBSON,38.3079744,-87.5775949
1556,GREENE,39.0227107,-86.9958489
1557,KNOX,38.687009,-87.3811461
1558,MARTIN,38.6705579,-86.8022436
1559,PIKE,38.4159433,-87.214144
1560,POSEY,38.0145359,-87.8543645
1561,SPENCER,38.0288806,-86.9976446
1562,SULLIVAN,39.0492722,-87.4172644
1563,VANDERBURGH,38.0461185,-87.5806553
1564,WARRICK,38.0906065,-87.2758933
1565,CLAY,39.3864958,-87.1025862
1566,FOUNTAIN,40.125252,-87.2497418
1567,MONTGOMERY,40.0361447,-86.9007083
1568,OWEN,39.2984518,-86.8508562
1569,PARKE,39.7686321,-87.2158436
1570,PUTNAM,39.6666195,-86.8374032
1571,TIPPECANOE,40.3916066,-86.8879689
1572,VERMILLION,39.8763626,-87.4635672
1573,VIGO,39.4174652,-87.3974269
1574,WARREN,40.3424546,-87.3564255
1575,BOONE,42.0171798,-93.9254114
1576,DALLAS,41.6744179,-94.0394437
1577,GRUNDY,42.4132701,-92.7808666
1578,HAMILTON,42.382945,-93.7083849
1579,HARDIN,42.3840463,-93.2293918
1580,JASPER,41.6791308,-93.0647786
1581,MARSHALL,42.0378125,-92.9915704
1582,POLK,41.6765808,-93.5921448
1583,POWESHIEK,41.6816512,-92.5435034
1584,STORY,42.0161612,-93.489194
1585,TAMA,42.0568108,-92.5433918
1586,WEBSTER,42.4326072,-94.184316
1587,BENTON,42.0599693,-92.0776319
1588,CEDAR,41.7608608,-91.1263198
1589,CLINTON,41.9054695,-90.5599971
1590,IOWA,41.6683126,-91.57952674093114
1591,JACKSON,42.1420382,-90.5480067
1592,JOHNSON,41.6683126,-91.57952674093114
1593,JONES,42.1081969,-91.1427196
1594,LINN,42.0631825,-91.6037932
1595,MUSCATINE,41.4776121,-91.1210053
1596,SCOTT,41.6251843,-90.6164201
1597,BUTLER,42.7336512,-92.7819493
1598,CERRO GORDO,43.0742443,-93.2548746
1599,FLOYD,43.0587894,-92.7830539
1600,FRANKLIN,42.7285907,-93.2513168
1601,HANCOCK,43.0847702,-93.7363674
1602,HUMBOLDT,42.7756032,-94.1956133
1603,KOSSUTH,43.1825351,-94.209098
1604,MITCHELL,43.3206744,-92.869289
1605,WINNEBAGO,43.3747879,-93.7316088
1606,WORTH,43.3696764,-93.2658698
1607,WRIGHT,42.7404452,-93.7325849
1608,ALLAMAKEE,43.2961731,-91.3961856
1609,BLACK HAWK,42.4607526,-92.3030235
1610,BREMER,42.7669649,-92.3099856
1611,BUCHANAN,42.4634928,-91.8449198
1612,CHICKASAW,43.05994,-92.316679
1613,CLAYTON,42.8547706,-91.3667151
1614,DELAWARE,42.4663805,-91.3621282
1615,DUBUQUE,42.5006243,-90.6647985
1616,FAYETTE,42.8420766,-91.850265
1617,HOWARD,43.3353641,-92.3230007
1618,WINNESHIEK,43.2677179,-91.8563139
1619,BUENA VISTA,42.7445814,-95.1127525
1620,CHEROKEE,42.7247968,-95.6249803
1621,CLAY,43.0809373,-95.1407762
1622,DICKINSON,43.3753018,-95.1654279
1623,EMMET,43.3707528,-94.6749933
1624,LYON,43.3747071,-96.2081917
1625,O BRIEN,43.0755779,-95.6277063
1626,OSCEOLA,43.3684613,-95.6299944
1627,PALO ALTO,43.0762829,-94.6625047
1628,PLYMOUTH,42.7369124,-96.2213607
1629,POCAHONTAS,42.7262681,-94.6477383
1630,SIOUX,43.0574079,-96.1602368
1631,APPANOOSE,40.7455904,-92.8649061
1632,CLARKE,41.0152092,-93.7842976
1633,DECATUR,40.7418231,-93.7994193
1634,LUCAS,41.0147422,-93.3427643
1635,MADISON,41.3133406,-94.0167968
1636,MARION,41.3144108,-93.1010141
1637,MONROE,41.5222145,-93.1018684
1638,RINGGOLD,40.7399875,-94.2547473
1639,UNION,41.015699,-94.2472694
1640,WARREN,41.3138645,-93.5685324
1641,WAYNE,40.7436612,-93.343458
1642,DAVIS,40.7474784,-92.3965311
1643,DES MOINES,41.5910323,-93.6046655
1644,HENRY,40.9778301,-91.5511282
1645,JEFFERSON,41.0131342,-91.9718642
1646,KEOKUK,41.3154792,-92.1867128
1647,LEE,40.6524894,-91.507313
1648,LOUISA,41.206668,-91.2683976
1649,MAHASKA,41.314939,-92.6489935
1650,VAN BUREN,40.749202,-91.9689529
1651,WAPELLO,41.0137597,-92.4140217
1652,WASHINGTON,41.3160082,-91.7340327
1653,ADAIR,41.3127814,-94.4953303
1654,ADAMS,41.0161621,-94.6850186
1655,CASS,41.3122834,-94.9215151
1656,FREMONT,40.7345943,-95.5924782
1657,MILLS,41.0171392,-95.6087477
1658,MONTGOMERY,41.0166807,-95.1753285
1659,PAGE,40.736337,-95.1602396
1660,POTTAWATTAMIE,41.3115686,-95.5331269
1661,TAYLOR,40.738254,-94.6847413
1662,AUDUBON,41.670205,-94.9106526
1663,CALHOUN,42.3808184,-94.6332459
1664,CARROLL,42.0193628,-94.860335
1665,CRAWFORD,42.020579,-95.3811884
1666,GREENE,42.0182893,-94.4005864
1667,GUTHRIE,41.6721976,-94.4985983
1668,HARRISON,41.6659155,-95.7976315
1669,IDA,42.3788371,-95.4949407
1670,MONONA,42.0218737,-95.9356631
1671,SAC,42.3797854,-95.0825306
1672,SHELBY,41.668243,-95.3163623
1673,WOODBURY,42.3775361,-96.0607187
1674,ANDERSON,38.0096811,-84.9880147
1675,BATH,38.1245248,-83.7249243
1676,BOURBON,38.1944867,-84.2046611
1677,BOYLE,37.6240938,-84.8540572
1678,CLARK,37.9713791,-84.1550145
1679,FAYETTE,38.0280648,-84.4722444
1680,FLEMING,38.3663888,-83.6790737
1681,FRANKLIN,38.2520423,-84.8633812
1682,GARRARD,37.6360342,-84.5408428
1683,HARRISON,38.4355948,-84.3216412
1684,JESSAMINE,37.8652866,-84.576902
1685,LINCOLN,37.4657952,-84.6573677
1686,MADISON,37.7298081,-84.2974735
1687,MASON,38.5755445,-83.8118236
1688,MERCER,37.8087581,-84.8760836
1689,MONTGOMERY,38.0372304,-83.9152368
1690,NICHOLAS,38.3287954,-84.0153581
1691,ROBERTSON,38.513372,-84.0465647
1692,SCOTT,38.2776401,-84.5816131
1693,SHELBY,38.2215625,-85.2111267
1694,SPENCER,39.0355088,-84.3588044
1695,WASHINGTON,37.7310874,-85.1750475
1696,WOODFORD,38.0686424,-84.7404532
1697,ADAIR,37.0954558,-85.289922
1698,ALLEN,36.7528961,-86.1924103
1699,BARREN,36.9584649,-85.925817
1700,BRECKINRIDGE,37.7406389,-86.4109353
1701,BULLITT,37.9749498,-85.6742394
1702,BUTLER,37.240158,-86.673921
1703,CASEY,37.2911032,-84.9146294
1704,CLINTON,36.7190018,-85.1426047
1705,CUMBERLAND,36.7934611,-85.3795095
1706,EDMONSON,37.1999181,-86.2206738
1707,GRAYSON,37.4537437,-86.3389464
1708,GREEN,37.2433976,-85.5346302
1709,HARDIN,37.6645815,-85.9634901
1710,HART,37.2921203,-85.8845579
1711,JEFFERSON,38.1787175,-85.664528
1712,LARUE,37.5257936,-85.7027413
1713,MARION,37.5413747,-85.2650391
1714,MEADE,37.9313371,-86.1902231
1715,METCALFE,36.9767017,-85.6254484
1716,MONROE,36.699465,-85.7284653
1717,NELSON,37.8078463,-85.4741595
1718,RUSSELL,38.5173028,-82.6976631
1719,TAYLOR,37.3396409,-85.3096607
1720,WARREN,36.9812407,-86.4233533
1721,BELL,36.7370344,-83.6491695
1722,BOYD,38.3608934,-82.6945926
1723,BREATHITT,37.5248869,-83.2943551
1724,CARTER,38.3199171,-83.0039034
1725,CLAY,37.1540436,-83.723144
1726,ELLIOTT,38.1178636,-83.0656398
1727,ESTILL,37.6896864,-83.9407279
1728,FLOYD,37.5473459,-82.7645621
1729,GREENUP,38.5108112,-82.9180186
1730,JACKSON,37.4200233,-83.9913882
1731,JOHNSON,37.8397984,-82.8159642
1732,KNOX,36.8934427,-83.8545725
1733,LAUREL,37.1000973,-84.1148273
1734,LAWRENCE,38.0601807,-82.7316588
1735,LEE,37.6001442,-83.7073043
1736,LETCHER,37.1208843,-82.8451698
1737,LEWIS,38.5192128,-83.3400338
1738,MAGOFFIN,37.6859873,-83.039044
1739,MCCREARY,36.735774,-84.4960095
1740,MENIFEE,37.9357602,-83.6014187
1741,MORGAN,37.9198759,-83.2097119
1742,OWSLEY,37.4082295,-83.681994
1743,PERRY,37.2203608,-83.1640699
1744,PIKE,37.4512431,-82.3855722
1745,POWELL,37.8192526,-83.8239902
1746,PULASKI,37.1124781,-84.593893
1747,ROCKCASTLE,37.3885959,-84.3254309
1748,ROWAN,38.1822638,-83.4039128
1749,WAYNE,36.7822106,-84.8250848
1750,WHITLEY,36.7324324,-84.1512134
1751,WOLFE,37.7430509,-83.4868591
1752,CALDWELL,37.1169666,-87.8391211
1753,CHRISTIAN,36.8778665,-87.5014545
1754,CRITTENDEN,37.3600974,-88.0885106
1755,DAVIESS,37.6877924,-87.0818357
1756,HANCOCK,37.8189002,-86.7532261
1757,HENDERSON,37.76721,-87.5573742
1758,HOPKINS,37.3006817,-87.5612458
1759,LOGAN,36.823707,-86.8833607
1760,MCLEAN,37.5216272,-87.2594272
1761,MUHLENBERG,37.1984359,-87.1417319
1762,OHIO,37.4757698,-86.8560639
1763,SIMPSON,36.73518,-86.5780102
1764,TODD,36.8098474,-87.1728185
1765,UNION,37.637247,-87.958036
1766,WEBSTER,37.5139929,-87.6650997
1767,BOONE,38.9589235,-84.7160121
1768,BRACKEN,38.686946,-84.0751461
1769,CAMPBELL,38.9339799,-84.3715286
1770,CARROLL,38.65718,-85.1000246
1771,GALLATIN,38.7531444,-84.8435828
1772,GRANT,38.6472221,-84.6162564
1773,HENRY,38.447983,-85.1191168
1774,KENTON,38.9252546,-84.5331967
1775,OLDHAM,38.4975639,-85.4210695
1776,OWEN,38.5303187,-84.819254
1777,PENDLETON,38.6914606,-84.3689142
1778,TRIMBLE,38.5984202,-85.3221506
1779,BALLARD,37.0231521,-88.9888619
1780,CALLOWAY,36.6257937,-88.271076
1781,CARLISLE,36.8432751,-88.9636817
1782,FULTON,36.5577082,-89.102082
1783,GRAVES,36.7244966,-88.6569094
1784,HICKMAN,36.6903525,-88.9587214
1785,LIVINGSTON,37.1898627,-88.3343825
1786,LYON,36.9981232,-88.0658149
1787,MARSHALL,36.8624306,-88.3264641
1788,MCCRACKEN,37.0335839,-88.7107201
1789,TRIGG,36.7949221,-87.8782433
1790,HANCOCK,44.7135397,-68.2994753
1791,PENOBSCOT,45.2930166,-68.5957766
1792,SOMERSET,45.4538403,-70.0997288
1793,WALDO,44.4870161,-69.1365185
1794,AROOSTOOK,46.6847962,-68.4701132
1795,ANDROSCOGGIN,44.1402839,-70.196395
1796,CUMBERLAND,43.8506432,-70.4001498
1797,FRANKLIN,44.916814,-70.4395797
1798,KENNEBEC,44.4184616,-69.8250659
1799,LINCOLN,44.1137571,-69.5351337
1800,OXFORD,44.4694529,-70.7782375
1801,SAGADAHOC,43.9900158,-69.8654643
1802,YORK,43.4229305,-70.6546639
1803,DORCHESTER,38.3930694,-76.0995677
1804,SOMERSET,38.0630795,-75.8745873
1805,WICOMICO,38.3888688,-75.635738
1806,WORCESTER,38.2231182,-75.3319465
1807,BALTIMORE,39.2908816,-76.610759
1808,CARROLL,39.5685399,-77.026707
1809,FREDERICK,39.415779,-77.4127562
1810,HARFORD,39.548545,-76.3048991
1811,HOWARD,39.2305289,-76.9166241
1812,MONTGOMERY,39.1406267,-77.2075612
1813,WASHINGTON,39.5893502,-77.710254
1814,ANNE ARUNDEL,38.9722583,-76.573454
1815,CALVERT,38.5288529,-76.537764
1816,CHARLES,38.4991611,-77.027847
1817,PRINCE GEORGES,38.96870965,-76.95730866107307
1818,ST MARYS,39.10768395,-76.85691342768504
1819,CAROLINE,38.8550631,-75.8247398
1820,CECIL,39.5729428,-75.9381806
1821,KENT,39.2587546,-76.1038454
1822,QUEEN ANNES,38.9964408,-77.0185383
1823,TALBOT,38.7542065,-76.1919824
1824,ALLEGANY,39.6572451,-78.6550628
1825,GARRETT,39.544087,-79.2496976
1826,BERKSHIRE,42.3999954,-73.2322639
1827,BRISTOL,41.7425538,-71.0856545
1828,DUKES,41.3926378,-70.642011
1829,ESSEX,42.6320389,-70.7828255
1830,FRANKLIN,42.5896205,-72.6110645
1831,HAMPDEN,42.1285315,-72.6063441
1832,HAMPSHIRE,42.3432499,-72.6213339
1833,MIDDLESEX,42.485452,-71.3968261
1834,PLYMOUTH,41.9426657,-70.7618592
1835,WORCESTER,42.2625621,-71.8018877
1836,CLARE,43.9688673,-84.8505091
1837,GLADWIN,43.9747774,-84.3873235
1838,GRATIOT,43.2903117,-84.6098023
1839,ISABELLA,43.6306545,-84.8468516
1840,MECOSTA,43.6375503,-85.3168199
1841,MIDLAND,43.634525,-84.3840821
1842,MONTCALM,43.3055418,-85.112198
1843,OSCEOLA,43.9654579,-85.3310847
1844,ARENAC,44.0608193,-83.8718694
1845,BAY,43.6957567,-83.9402747
1846,HURON,43.8385749,-83.0221987
1847,SAGINAW,43.4200387,-83.9490365
1848,SANILAC,43.4150687,-82.8234745
1849,TUSCOLA,43.4776781,-83.3951071
1850,ALCONA,44.7600127,-83.2977451
1851,ALPENA,45.0176181,-83.6670019
1852,CHEBOYGAN,45.4417481,-84.4768486
1853,CRAWFORD,44.6769346,-84.6237147
1854,IOSCO,44.3501989,-83.6582168
1855,MONTMORENCY,45.0192008,-84.1322903
1856,OGEMAW,44.3364914,-84.125549
1857,OSCODA,44.6789109,-84.1467693
1858,OTSEGO,45.0244123,-84.6136788
1859,PRESQUE ISLE,45.3375258,-83.9567881
1860,ANTRIM,44.9947369,-85.1133189
1861,BENZIE,44.6408868,-85.9928452
1862,CHARLEVOIX,45.202075,-84.9676387
1863,EMMET,45.5064041,-84.8567966
1864,GRAND TRAVERSE,44.6409162,-85.5801336
1865,KALKASKA,44.6780512,-85.1002509
1866,LEELANAU,44.8878795,-85.8119919
1867,MANISTEE,44.3308044,-86.0262043
1868,MISSAUKEE,44.336979,-85.1070535
1869,WEXFORD,44.3353211,-85.5741088
1870,BARRY,42.5910739,-85.3242417
1871,BRANCH,41.916753,-85.0649374
1872,CALHOUN,42.2461339,-85.0229223
1873,CLINTON,42.9435238,-84.6125345
1874,EATON,42.5935964,-84.8443666
1875,HILLSDALE,41.8779105,-84.5984396
1876,INGHAM,42.5860505,-84.3800841
1877,IONIA,42.9469688,-85.0713945
1878,JACKSON,42.2416466,-84.425589
1879,SHIAWASSEE,42.9429488,-84.1458259
1880,ST JOSEPH,41.9031963,-85.5356726
1881,GENESEE,43.0220032,-83.7274305
1882,LAPEER,43.0904764,-83.2333705
1883,LENAWEE,41.8735258,-84.0624323
1884,LIVINGSTON,42.5924563,-83.9147925
1885,MACOMB,42.6741189,-82.902901
1886,MONROE,41.9153358,-83.5135665
1887,OAKLAND,42.6618842,-83.3804439
1888,ST CLAIR,42.9426715,-82.6283554
1889,WASHTENAW,42.2582044,-83.8440853
1890,WAYNE,42.2682408,-83.2844172
1891,ALLEGAN,42.5867203,-85.8861492
1892,BERRIEN,41.9838614,-86.3985714
1893,CASS,41.9090169,-85.9970051
1894,KALAMAZOO,42.291707,-85.5872286
1895,KENT,43.0024013,-85.5502718
1896,OTTAWA,42.9547143,-85.9827867
1897,VAN BUREN,42.2710763,-86.013973
1898,ALGER,46.4047895,-86.5280993
1899,BARAGA,46.6354348,-88.3876368
1900,DELTA,46.0236602,-86.8950252
1901,DICKINSON,45.9874631,-87.8864905
1902,HOUGHTON,46.8591287,-88.7774734
1903,IRON,46.2178577,-88.5463241
1904,MARQUETTE,46.4481521,-87.6305899
1905,MENOMINEE,45.5785741,-87.562159
1906,SCHOOLCRAFT,46.1902943,-86.1833841
1907,LAKE,43.9699997,-85.7884997
1908,MASON,43.9778831,-86.246291
1909,MUSKEGON,43.2484584,-86.129351
1910,NEWAYGO,43.5121225,-85.7944976
1911,OCEANA,43.6200297,-86.277073
1912,BENTON,45.7162129,-94.0481042
1913,CARVER,44.807118,-93.7871792
1914,KANDIYOHI,45.142373,-95.0025846
1915,MCLEOD,44.8169135,-94.2495251
1916,MEEKER,45.1183643,-94.5175345
1917,MORRISON,45.9926837,-94.2554658
1918,RENVILLE,44.7242874,-94.9084771
1919,SCOTT,44.6506998,-93.5025726
1920,SHERBURNE,45.4427088,-93.7459202
1921,SIBLEY,44.5603522,-94.2085682
1922,STEARNS,45.535326,-94.6139422
1923,TODD,46.0588428,-94.887283
1924,WADENA,46.5850936,-94.9606684
1925,WRIGHT,45.1489061,-93.9639196
1926,AITKIN,46.5714822,-93.3847595
1927,ANOKA,45.2710195,-93.2827625
1928,CARLTON,46.5799933,-92.7206334
1929,CHISAGO,45.4758877,-92.8849411
1930,CROW WING,46.4665237,-94.1017044
1931,HENNEPIN,45.0257232,-93.4865052
1932,ISANTI,45.56932235,-93.32652095523574
1933,KANABEC,45.8986948,-93.2850016
1934,MILLE LACS,45.9311972,-93.640356
1935,PINE,46.0820957,-92.7542126
1936,RAMSEY,45.0165728,-93.0949501
1937,WASHINGTON,45.0078657,-92.874565
1938,BELTRAMI,47.9978537,-94.8799011
1939,CASS,47.0234117,-94.3454604
1940,HUBBARD,47.1138266,-94.9427679
1941,ITASCA,47.4968343,-93.6225663
1942,KOOCHICHING,48.221596,-93.7684251
1943,LAKE OF THE WOODS,48.7032282,-94.8480091
1944,ST. LOUIS,47.6201005,-92.4363343
1945,BECKER,46.9298236,-95.6761851
1946,CLAY,46.8994904,-96.5088202
1947,CLEARWATER,47.5643825,-95.3747844
1948,KITTSON,48.7709208,-96.8074141
1949,MAHNOMEN,47.3313602,-95.8142911
1950,MARSHALL,48.3605336,-96.381968
1951,NORMAN,47.3194344,-96.4625779
1952,PENNINGTON,48.0513335,-96.0829271
1953,POLK,47.6554613,-96.4193484
1954,RED LAKE,47.8605178,-96.0988343
1955,ROSEAU,48.7710371,-95.7697882
1956,BLUE EARTH,44.0109722,-94.0560643
1957,BROWN,44.2350232,-94.6955051
1958,FARIBAULT,43.6647961,-93.9510501
1959,FREEBORN,43.6763617,-93.3501681
1960,LE SUEUR,44.3771652,-93.711443
1961,MARTIN,43.6564337,-94.5498419
1962,NICOLLET,44.3380412,-94.2362169
1963,RICE,44.3413376,-93.2865484
1964,STEELE,44.0137336,-93.2203671
1965,WASECA,44.0172242,-93.5885717
1966,WATONWAN,43.9736055,-94.6370354
1967,DAKOTA,44.666655,-93.044911
1968,DODGE,44.0175404,-92.8678406
1969,FILLMORE,43.6466588,-92.0636359
1970,GOODHUE,44.396973,-92.7175627
1971,HOUSTON,43.6624222,-91.4685617
1972,MOWER,43.6832277,-92.753704
1973,OLMSTED,43.9997437,-92.3767816
1974,WABASHA,44.2767596,-92.2018164
1975,WINONA,43.9582272,-91.7807784
1976,COTTONWOOD,44.019068,-95.1658845
1977,JACKSON,43.670011,-95.1500626
1978,LINCOLN,44.4020631,-96.2627763
1979,LYON,44.3880733,-95.8287296
1980,MURRAY,44.017855,-95.7615205
1981,NOBLES,43.6634212,-95.7527672
1982,PIPESTONE,44.0270012,-96.2566582
1983,REDWOOD,44.3788613,-95.2532373
1984,ROCK,43.6733632,-96.2574328
1985,BIG STONE,45.385266,-96.3557364
1986,CHIPPEWA,45.027661,-95.5314914
1987,DOUGLAS,45.9340479,-95.4627651
1988,GRANT,45.9358795,-96.0272071
1989,LAC QUI PARLE,44.986426,-96.2024907
1990,OTTER TAIL,46.4184196,-95.713142
1991,POPE,45.5850258,-95.4469471
1992,STEVENS,45.5837016,-95.9946194
1993,SWIFT,45.2797223,-95.6898654
1994,TRAVERSE,45.7836323,-96.4215265
1995,WILKIN,46.3258354,-96.4586194
1996,YELLOW MEDICINE,44.7198536,-95.8533555
1997,FERGUS,47.2128617,-109.2175566
1998,JUDITH BASIN,47.0159821,-110.2261158
1999,LEWIS AND CLARK,47.2117026,-112.4768049
2000,MUSSELSHELL,46.4728903,-108.4473635
2001,PETROLEUM,47.0606518,-108.2769626
2002,WHEATLAND,46.4335302,-109.8498047
2003,BLAINE,48.4023938,-108.9664413
2004,CHOUTEAU,47.8835499,-110.367651
2005,HILL,48.6655784,-110.2107103
2006,LIBERTY,48.5608235,-111.0465825
2007,PHILLIPS,48.3541037,-107.9275256
2008,PONDERA,48.2443094,-112.1206742
2009,DANIELS,48.7710629,-105.5123296
2010,DAWSON,47.2416708,-104.9259088
2011,GARFIELD,47.2403675,-106.9487371
2012,MCCONE,47.5823259,-105.8467942
2013,RICHLAND,47.8314138,-104.559421
2014,ROOSEVELT,48.3069516,-104.9709901
2015,SHERIDAN,48.7625919,-104.5154683
2016,VALLEY,48.3564433,-106.615665
2017,FLATHEAD,48.3840879,-113.972144
2018,LAKE,47.7142864,-114.1204325
2019,MISSOULA,46.8701049,-113.995267
2020,RAVALLI,46.0757223,-114.1139453
2021,SANDERS,47.6801812,-115.1769538
2022,BIG HORN,45.4608548,-107.5152896
2023,CARBON,45.2050058,-109.1434792
2024,STILLWATER,45.6540259,-109.3579352
2025,TREASURE,46.1833795,-107.2625484
2026,YELLOWSTONE,45.9645464,-108.276076
2027,CARTER,45.4812219,-104.5596687
2028,CUSTER,46.2426088,-105.5692958
2029,FALLON,46.3291957,-104.4366483
2030,PRAIRIE,46.8103971,-105.3390398
2031,ROSEBUD,46.3894251,-106.6296053
2032,WIBAUX,46.910018,-104.2215171
2033,BEAVERHEAD,45.1708403,-112.9537553
2034,GALLATIN,45.4868491,-111.1967693
2035,BUFFALO,40.8421618,-99.0845451
2036,CUSTER,41.4022198,-99.7272241
2037,DAWSON,40.8776438,-99.8505693
2038,GREELEY,41.5595746,-98.5300914
2039,HALL,40.8627335,-98.5122907
2040,HOWARD,41.227424,-98.5174349
2041,SHERMAN,41.2206877,-98.99384
2042,VALLEY,41.5595723,-98.9805484
2043,BUTLER,41.2142454,-97.1384119
2044,CASS,40.9017313,-96.1922102
2045,COLFAX,41.5738643,-97.0828487
2046,DODGE,41.58577,-96.6789773
2047,DOUGLAS,41.2954112,-96.1415672
2048,HAMILTON,40.8569853,-98.0470062
2049,LANCASTER,40.9515685,-96.6909842
2050,MERRICK,41.1650536,-98.0531937
2051,NANCE,41.3947359,-98.002421
2052,PLATTE,41.538537500000004,-97.54136640081376
2053,POLK,41.1893645,-97.570244
2054,SARPY,41.1193462,-96.093081
2055,SAUNDERS,41.2260007,-96.6520834
2056,SEWARD,40.8695533,-97.1706676
2057,WASHINGTON,41.5407766,-96.246548
2058,YORK,40.871617,-97.6001401
2059,ARTHUR,41.5721288,-101.6974898
2060,BLAINE,41.9195837,-99.979237
2061,BOYD,42.916011,-98.7614212
2062,BROWN,42.4068829,-99.9120353
2063,CHERRY,42.5560174,-101.1503042
2064,GARFIELD,41.895743,-99.0097985
2065,HOLT,42.4304452,-98.7540783
2066,HOOKER,41.9078471,-101.1572302
2067,KEYA PAHA,42.8866032,-99.6995454
2068,LOGAN,41.5590057,-100.5030548
2069,LOUP,41.9075834,-99.4608177
2070,MCPHERSON,41.5621689,-101.082432
2071,ROCK,42.4152603,-99.456071
2072,THOMAS,41.9116541,-100.5558924
2073,WHEELER,41.8998069,-98.5309487
2074,ANTELOPE,42.1864809,-98.0716943
2075,BOONE,41.7103804,-98.0544842
2076,BURT,41.855662,-96.3357902
2077,CEDAR,42.5947161,-97.2399373
2078,CUMING,41.9233919,-96.7921475
2079,DAKOTA,42.4049316,-96.5677015
2080,DIXON,42.4351249,-96.8792569
2081,KNOX,42.6206698,-97.8901445
2082,MADISON,41.9064942,-97.5961512
2083,PIERCE,42.2591262,-97.6036812
2084,STANTON,41.9220687,-97.2141158
2085,THURSTON,42.1837827,-96.5394986
2086,WAYNE,42.1941294,-97.169623
2087,BANNER,41.5563598,-103.7384513
2088,BOX BUTTE,42.2130279,-103.0700157
2089,CHEYENNE,41.2053619,-102.9796713
2090,DAWES,42.71723,-103.1216528
2091,DEUEL,41.1097054,-102.3261249
2092,GARDEN,41.6440533,-102.3392806
2093,KIMBALL,41.1881305,-103.6997645
2094,MORRILL,41.683432,-103.0100258
2095,SCOTTS BLUFF,41.8555787,-103.7088303
2096,SHERIDAN,42.4542885,-102.4089285
2097,SIOUX,42.5055628,-103.7745337
2098,ADAMS,40.5125798,-98.5148588
2099,FRANKLIN,40.1715234,-98.9687585
2100,FURNAS,40.1791278,-99.8981009
2101,GOSPER,40.5145053,-99.8185651
2102,HARLAN,40.1617382,-99.4349368
2103,KEARNEY,40.4906216,-98.9472344
2104,PHELPS,40.5078647,-99.425665
2105,WEBSTER,40.1677552,-98.5260923
2106,CLAY,40.5020772,-98.0695257
2107,FILLMORE,40.5292758,-97.5997675
2108,GAGE,40.2469449,-96.7021336
2109,JEFFERSON,40.185543,-97.1786805
2110,JOHNSON,40.3915587,-96.2796179
2111,NEMAHA,40.3837713,-95.8518344
2112,NUCKOLLS,40.1621285,-98.047997
2113,OTOE,40.6566851,-96.1444582
2114,PAWNEE,40.1223248,-96.2629022
2115,RICHARDSON,40.1194651,-95.7607517
2116,SALINE,40.5079612,-97.175536
2117,THAYER,40.1682672,-97.6348188
2118,CHASE,40.5217576,-101.6931758
2119,DUNDY,40.1849874,-101.6959427
2120,FRONTIER,40.5520473,-100.4230266
2121,HAYES,40.5335592,-101.0605971
2122,HITCHCOCK,40.1659573,-101.0387468
2123,KEITH,41.1973065,-101.6862537
2124,LINCOLN,40.8088861,-96.7077751
2125,PERKINS,40.8501242,-101.6522162
2126,RED WILLOW,40.1686191,-100.4550901
2127,CHURCHILL,39.6136309,-118.4191948
2128,HUMBOLDT,41.429394,-118.2024818
2129,LYON,38.9887898,-119.1822042
2130,PERSHING,40.3913722,-118.4778996
2131,LINCOLN,37.5449476,-114.8764448
2132,CARROLL,43.8778199,-71.2740836
2133,GRAFTON,43.9702453,-71.8742626
2134,ROCKINGHAM,42.9966675,-71.1003143
2135,STRAFFORD,43.3312505,-71.0399927
2136,SULLIVAN,43.3564357,-72.2392517
2137,MERRIMACK,43.3260376,-71.6854725
2138,BURLINGTON,39.9325409,-74.7226665
2139,MERCER,40.2807177,-74.7033717
2140,MIDDLESEX,40.596106,-74.237292
2141,MONMOUTH,40.2932319,-74.1671114
2142,OCEAN,39.977818,-74.3319287
2143,BERGEN,40.9678345,-74.0563254
2144,HUNTERDON,40.5770634,-74.9261552
2145,MORRIS,40.8679538,-74.5601181
2146,SOMERSET,40.5675084,-74.6189556
2147,SUSSEX,41.133372,-74.6930393
2148,WARREN,40.8602222,-74.9720493
2149,ATLANTIC,39.5143268,-74.6632883
2150,CAMDEN,39.9448402,-75.1198911
2151,CAPE MAY,39.1765386,-74.8012119
2152,CUMBERLAND,39.3183341,-75.1623239
2153,GLOUCESTER,39.7267303,-75.1535378
2154,SALEM,39.5980987,-75.3488201
2155,CAYUGA,42.9128476,-76.7345558
2156,CHENANGO,42.4784565,-75.6130279
2157,CORTLAND,42.5842136,-76.0704906
2158,HERKIMER,43.0356602,-75.0895218
2159,MADISON,43.07869355,-75.7509974220067
2160,ONEIDA,43.2144051,-75.4039155
2161,ONONDAGA,43.015598,-76.2257127
2162,OSWEGO,43.4112973,-76.1279841
2163,OTSEGO,42.5984272,-75.0142701
2164,ALBANY,42.6511674,-73.754968
2165,FULTON,43.1061507,-74.4461771
2166,MONTGOMERY,42.8941269,-74.4099745
2167,RENSSELAER,42.7091389,-73.5107732
2168,SARATOGA,43.0833231,-73.8712155
2169,SCHENECTADY,42.8142432,-73.9395687
2170,SCHOHARIE,42.5757217,-74.4390277
2171,WASHINGTON,38.88900425,-77.040808185058
2172,NASSAU,25.010423,-77.4024183
2173,SUFFOLK,40.8832318,-72.8578027
2174,CLINTON,44.7278943,-73.6686982
2175,ESSEX,44.0638879,-73.7542043
2176,FRANKLIN,44.5599139,-74.3273735
2177,JEFFERSON,44.059311,-75.9995742
2178,LEWIS,43.7344277,-75.440289
2179,ST LAWRENCE,44.4973591,-75.0657043
2180,COLUMBIA,2.1694235,-72.1654424
2181,DELAWARE,42.397772,-74.636654
2182,DUTCHESS,41.6324,-73.682392
2183,GREENE,42.2628769,-74.0878112
2184,ORANGE,40.7587979,-73.9623427
2185,PUTNAM,41.479024,-73.653128
2186,SULLIVAN,41.7156311,-74.7804323
2187,ULSTER,41.8689317,-74.2618518
2188,WESTCHESTER,40.9138486,-73.8043724
2189,BROOME,42.1455623,-75.8404114
2190,CHEMUNG,42.1384667,-76.7725493
2191,SCHUYLER,42.3903231,-76.8691575
2192,TIOGA,42.1333395,-76.3309339
2193,TOMPKINS,42.118333,-75.249444
2194,ALLEGANY,42.2446061,-78.0419281
2195,CATTARAUGUS,42.2234823,-78.6477096
2196,CHAUTAUQUA,42.3823789,-79.168489
2197,STEUBEN,42.2359045,-77.3750862
2198,ERIE,42.352098,-79.322965
2199,GENESEE,43.0102726,-78.1780196
2200,LIVINGSTON,42.7360902,-77.7781416
2201,MONROE,43.150094,-77.6810141
2202,NIAGARA,43.28243305,-78.70764889735142
2203,ONTARIO,40.6152298,-111.4896378
2204,ORLEANS,43.2244513,-78.2272835
2205,SENECA,42.7831619,-76.8386051
2206,WAYNE,40.8516701,-93.2599318
2207,WYOMING,42.7039813,-78.2415228
2208,YATES,42.6444444,-77.112177
2209,EDDY,47.7113958,-98.9087265
2210,FOSTER,47.4642277,-98.8815333
2211,KIDDER,46.9636218,-99.7952675
2212,SHERIDAN,47.5321614,-100.367913
2213,STUTSMAN,46.9596318,-98.9742609
2214,WELLS,47.5664224,-99.6508819
2215,BARNES,46.9310489,-98.0678849
2216,CASS,46.9241972,-97.220631
2217,GRIGGS,47.4473179,-98.2616158
2218,STEELE,47.4413054,-97.7450372
2219,TRAILL,47.4438504,-97.1797001
2220,BENSON,48.0191362,-99.403103
2221,BOTTINEAU,48.8243455,-100.8431321
2222,MCHENRY,48.1907427,-100.65378
2223,PIERCE,48.1957108,-100.0625504
2224,ROLETTE,48.7419695,-99.8380336
2225,CAVALIER,48.7664381,-98.5001391
2226,GRAND FORKS,47.9078244,-97.0592028
2227,NELSON,47.8852229,-98.1774434
2228,PEMBINA,48.7530787,-97.5532833
2229,RAMSEY,48.2426199,-98.7062419
2230,TOWNER,48.6481504,-99.2322581
2231,WALSH,48.3693784,-97.7469943
2232,BURKE,48.7882181,-102.5295867
2233,DIVIDE,48.8189219,-103.5180387
2234,MOUNTRAIL,48.230321,-102.3603325
2235,RENVILLE,48.6579169,-101.7009103
2236,WARD,48.2488309,-101.6242607
2237,WILLIAMS,48.3629861,-103.4958386
2238,BURLEIGH,46.9498874,-100.5127667
2239,EMMONS,46.2575403,-100.2574942
2240,GRANT,46.3441037,-101.6261837
2241,MORTON,46.45367245,-101.23173349999999
2242,SIOUX,46.0654725,-100.978187
2243,DICKEY,46.0952757,-98.5322728
2244,LA MOURE,48.8319389,-97.9298186
2245,LOGAN,46.4650338,-99.4501721
2246,MCINTOSH,46.1097938,-99.4243411
2247,RANSOM,46.4519081,-97.6903091
2248,RICHLAND,46.2247251,-96.9470748
2249,SARGENT,46.1101793,-97.6291809
2250,ADAMS,46.073286,-102.5315028
2251,BILLINGS,47.0456305,-103.3943708
2252,BOWMAN,46.1010498,-103.5086625
2253,GOLDEN VALLEY,46.9317944,-103.8668414
2254,HETTINGER,46.4448014,-102.4167046
2255,SLOPE,46.4464651,-103.4507022
2256,STARK,46.7870161,-102.7338349
2257,DUNN,47.30612,-102.6112348
2258,MCKENZIE,47.7702536,-103.4734684
2259,MCLEAN,47.6002156,-101.1719782
2260,MERCER,47.3347663,-101.8650031
2261,OLIVER,47.1077709,-101.3524486
2262,DELAWARE,40.2317686,-82.9651045
2263,FAIRFIELD,39.7886111,-82.6418883
2264,FAYETTE,39.5839889,-83.4401122
2265,FRANKLIN,39.5589474,-84.3041074
2266,KNOX,40.4467896,-82.4056302
2267,LICKING,40.1318041,-82.4627856
2268,MADISON,39.8868227,-83.3937233
2269,MARION,40.5885271,-83.1895249
2270,MORROW,40.4574358,-82.7771661
2271,PICKAWAY,39.6725327,-83.0373284
2272,ROSS,39.3455507,-83.077359
2273,UNION,40.3255937,-83.3676859
2274,BELMONT,40.0057737,-81.0097516
2275,CARROLL,40.5250362,-81.0927234
2276,COSHOCTON,40.2905684,-81.9271441
2277,HARRISON,40.2694328,-81.1289112
2278,HOLMES,40.5840117,-81.9304045
2279,JEFFERSON,40.3792938,-80.7847619
2280,TUSCARAWAS,40.3759469,-81.464888
2281,ASHLAND,40.7887367,-82.2360391
2282,CRAWFORD,40.8705909,-82.9065596
2283,ERIE,41.3506462,-82.640448
2284,HURON,41.1305303,-82.591828
2285,LORAIN,41.2633554,-82.1734746
2286,OTTAWA,41.5421375,-83.213342
2287,RICHLAND,40.776322,-82.5302254
2288,SANDUSKY,41.2951563,-83.1555438
2289,SENECA,39.962939199999994,-82.99065318849799
2290,WYANDOT,40.865471,-83.2810539
2291,ASHTABULA,41.865054,-80.789809
2292,COLUMBIANA,40.7787016,-80.7648602
2293,CUYAHOGA,41.4301347,-81.6905558
2294,GEAUGA,41.4768249,-81.1850459
2295,LAKE,41.7064789,-81.2380032
2296,MAHONING,40.9830133,-80.7826416
2297,MEDINA,41.1000764,-81.9382517
2298,PORTAGE,41.1496775,-81.2082
2299,STARK,40.7214654,-81.4399734
2300,SUMMIT,41.1457902,-81.5333603
2301,TRUMBULL,41.6781106,-80.9539818
2302,WAYNE,40.8615819,-81.9034617
2303,ALLEN,40.8077797,-84.0572225
2304,DEFIANCE,41.3203058,-84.5084835
2305,FULTON,41.6045817,-84.1141048
2306,HANCOCK,40.9939911,-83.6587588
2307,HENRY,41.2818109,-84.0581255
2308,LUCAS,41.6508446,-83.621321
2309,PAULDING,41.1628401,-84.5902954
2310,PUTNAM,41.0677672,-84.1686932
2311,VAN WERT,40.8014651,-84.600988
2312,WILLIAMS,41.5018224,-84.5923785
2313,WOOD,41.2776661,-83.6643025
2314,ADAMS,38.8398935,-83.5051704
2315,BROWN,38.9092542,-83.8836555
2316,GALLIA,38.7952465,-82.3556216
2317,HIGHLAND,39.1802516,-83.6304344
2318,JACKSON,39.0131871,-82.6089043
2319,LAWRENCE,38.6065461,-82.5702511
2320,PIKE,39.1056387,-83.0611404
2321,SCIOTO,38.823448,-83.017141
2322,ATHENS,39.355589,-82.0610404
2323,GUERNSEY,40.0802222,-81.4859433
2324,HOCKING,39.4644491,-82.5469722
2325,MEIGS,39.1099292,-82.0420769
2326,MONROE,39.7157533,-81.1078783
2327,MORGAN,39.5943953,-81.877978
2328,MUSKINGUM,40.0064162,-81.9984697
2329,NOBLE,39.7517148,-81.4957347
2330,PERRY,39.6370289,-82.2044367
2331,VINTON,39.2744355,-82.4740302
2332,WASHINGTON,39.4782641,-81.5488945
2333,BUTLER,39.4233043,-84.5936897
2334,CLERMONT,39.0678155,-84.1566341
2335,CLINTON,39.4259873,-83.8445792
2336,GREENE,39.6908207,-83.9175037
2337,HAMILTON,39.2085354,-84.5501874
2338,MONTGOMERY,39.6837328,-84.2854817
2339,PREBLE,39.8125011,-84.6411162
2340,WARREN,39.4203978,-84.180897
2341,AUGLAIZE,40.5942186,-84.2641951
2342,CHAMPAIGN,40.1726987,-83.7701999
2343,CLARK,39.9229676,-83.7905959
2344,DARKE,40.168765,-84.631372
2345,HARDIN,40.6880457,-83.6835337
2346,LOGAN,40.4430521,-83.7414465
2347,MERCER,40.4367866,-84.6109122
2348,MIAMI,40.0580258,-84.2236524
2349,SHELBY,40.3491604,-84.1593008
2350,GILLIAM,45.3298742,-120.2202197
2351,HOOD RIVER,45.5311636,-121.6475587
2352,MORROW,45.360901,-119.6052459
2353,BAKER,44.7259637,-117.6204818
2354,UMATILLA,45.6416995,-118.7671122
2355,UNION,45.2680014,-118.0257466
2356,BENTON,44.494937,-123.4065679
2357,CLACKAMAS,45.1608821,-122.2305038
2358,LANE,43.9314567,-122.8575849
2359,LINN,44.4968904,-122.5485977
2360,MARION,44.8964425,-122.7203248
2361,MULTNOMAH,45.5093799,-122.4006413
2362,POLK,44.879673,-123.4599594
2363,WASHINGTON,45.5601883,-123.0587907
2364,YAMHILL,45.2298399,-123.2180414
2365,GRANT,44.464824,-119.0565278
2366,JEFFERSON,44.6072499,-121.2463145
2367,MALHEUR,43.1023481,-117.6916892
2368,WHEELER,44.6768382,-120.0484375
2369,DOUGLAS,43.1922115,-123.1135963
2370,JACKSON,42.398015,-122.7540948
2371,JOSEPHINE,42.3554368,-123.5602707
2372,COOS,43.2184144,-124.109621
2373,BLAIR,40.4870748,-78.3682329
2374,CAMBRIA,40.4843583,-78.718852
2375,CENTRE,40.9381735,-77.7865722
2376,CLEARFIELD,40.9908706,-78.4457422
2377,COLUMBIA,41.0389186,-76.4191791
2378,DAUPHIN,40.398036,-76.8115168
2379,HUNTINGDON,40.3446332,-78.0281185
2380,JUNIATA,40.5368022,-77.4300565
2381,MIFFLIN,40.6099183,-77.6215085
2382,MONTOUR,41.0289528,-76.6615816
2383,NORTHUMBERLAND,40.8488473,-76.6943741
2384,PERRY,40.3966461,-77.2890283
2385,SNYDER,40.7615395,-77.0909536
2386,UNION,40.9745493,-77.0785945
2387,CARBON,40.8908468,-75.7212917
2388,LEHIGH,40.6096215,-75.6048728
2389,LUZERNE,41.1749635,-75.9695233
2390,MONROE,41.0400423,-75.3249475
2391,NORTHAMPTON,40.7451356,-75.3289302
2392,SCHUYLKILL,40.6936632,-76.2277971
2393,BRADFORD,41.7746685,-76.5264613
2394,CAMERON,41.4586993,-78.1931833
2395,CLINTON,41.2711458,-77.6984481
2396,ELK,41.437362,-78.626009
2397,LYCOMING,41.3472688,-77.0220348
2398,MCKEAN,41.8019737,-78.5769879
2399,POTTER,41.7302743,-77.9022292
2400,SULLIVAN,41.4402556,-76.5117017
2401,TIOGA,41.7741691,-77.254256
2402,LACKAWANNA,41.4406084,-75.6260271
2403,SUSQUEHANNA,41.8218729,-75.8170767
2404,WAYNE,41.6264414,-75.3045103
2405,WYOMING,41.5179097,-76.019111
2406,CRAWFORD,41.6951179,-80.1428967
2407,ERIE,42.1294712,-80.0852695
2408,FOREST,41.5329762,-79.2640912
2409,MERCER,41.3334542,-80.3014412
2410,VENANGO,41.3996112,-79.7709417
2411,WARREN,41.8119602,-79.2654452
2412,ADAMS,39.8708972,-77.2395963
2413,BEDFORD,40.0271453,-78.5237447
2414,CUMBERLAND,40.1541581,-77.2803933
2415,FRANKLIN,39.9259345,-77.7485516
2416,FULTON,39.9159664,-78.1299624
2417,YORK,39.9624624,-76.727707
2418,BERKS,40.4113762,-75.9433305
2419,BUCKS,40.3451668,-75.1263909
2420,CHESTER,39.9829308,-75.7652424
2421,DELAWARE,39.9194117,-75.4001639
2422,LANCASTER,40.08067,-76.2411283
2423,LEBANON,40.375713,-76.4626118
2424,MONTGOMERY,40.2154361,-75.3702305
2425,PHILADELPHIA,39.9527237,-75.1635262
2426,ALLEGHENY,40.4597204,-79.9760405
2427,FAYETTE,39.921022,-79.6663803
2428,GREENE,39.8513322,-80.2466384
2429,SOMERSET,39.9980022,-79.0415528
2430,WASHINGTON,40.1943798,-80.2541251
2431,WESTMORELAND,40.2930159,-79.4873204
2432,ARMSTRONG,40.7876239,-79.4689832
2433,BEAVER,40.6916624,-80.3709999
2434,BUTLER,40.86108,-79.895197
2435,CLARION,41.1818771,-79.429169
2436,INDIANA,40.6424116,-79.1262839
2437,JEFFERSON,41.1125398,-79.0163349
2438,LAWRENCE,41.001415,-80.350071
2439,NEWPORT,41.5524614,-71.27037832834264
2440,WASHINGTON,41.4619922,-71.7039673
2441,AURORA,43.6963371,-98.5722461
2442,BEADLE,44.4157764,-98.2751583
2443,BRULE,43.6848301,-99.0538876
2444,BUFFALO,44.0646363,-99.1707339
2445,HAND,44.5405047,-99.0053027
2446,HUGHES,44.4047339,-99.946102
2447,HYDE,44.5103405,-99.4936719
2448,JERAULD,44.0797601,-98.6182042
2449,SULLY,44.7173891,-100.0690149
2450,BROOKINGS,44.3763598,-96.7925213
2451,DAVISON,43.6660467,-98.1383168
2452,HANSON,43.6615541,-97.7945361
2453,KINGSBURY,44.3631469,-97.4882433
2454,LAKE,44.0188394,-97.1267291
2455,MCCOOK,43.6719795,-97.37153
2456,MINER,44.011103,-97.52532
2457,MINNEHAHA,43.6680284,-96.7837626
2458,MOODY,43.998215,-96.6671385
2459,SANBORN,44.0089691,-98.0834349
2460,BROWN,45.5832968,-98.3674786
2461,CAMPBELL,45.7560544,-100.0441548
2462,EDMUNDS,45.4163408,-99.2220208
2463,FAULK,45.0743643,-99.1739778
2464,MCPHERSON,45.7350535,-99.2473056
2465,POTTER,45.0764805,-99.9607952
2466,SPINK,44.9438314,-98.3730958
2467,WALWORTH,45.4043853,-100.0072972
2468,CLARK,44.8684319,-97.7431382
2469,CODINGTON,44.9695646,-97.1976513
2470,DAY,45.3658879,-97.6152661
2471,DEUEL,44.7554353,-96.671551
2472,GRANT,45.1690114,-96.7057561
2473,HAMLIN,44.6754502,-97.2005816
2474,MARSHALL,45.7619018,-97.6300108
2475,ROBERTS,45.6000291,-97.0000238
2476,BUTTE,44.9121731,-103.5267067
2477,CORSON,45.7135207,-101.1797766
2478,DEWEY,45.1788983,-100.8592127
2479,HARDING,45.5509163,-103.4791412
2480,PERKINS,45.5288022,-102.5053545
2481,ZIEBACH,44.9241074,-101.7110445
2482,GREGORY,43.1713788,-99.1674843
2483,JONES,43.9667174,-100.6853793
2484,LYMAN,43.9176386,-99.8581638
2485,MELLETTE,43.561525,-100.7249944
2486,TODD,43.184924,-100.7438395
2487,TRIPP,43.3235158,-99.8941094
2488,BON HOMME,43.0067408,-97.8721324
2489,CHARLES MIX,43.2257871,-98.6162758
2490,CLAY,42.9190617,-96.9712933
2491,DOUGLAS,43.3969325,-98.3406673
2492,HUTCHINSON,43.3271413,-97.7396791
2493,LINCOLN,43.2724187,-96.7387762
2494,TURNER,43.3256378,-97.136978
2495,UNION,42.8717888,-96.6772947
2496,YANKTON,43.0115255,-97.3967561
2497,BENNETT,43.1854085,-101.655263
2498,CUSTER,43.6726477,-103.5101597
2499,FALL RIVER,43.2264954,-103.5791473
2500,OGLALA LAKOTA,43.2977026,-102.5637516
2501,HAAKON,44.2887741,-101.5756888
2502,JACKSON,43.668546,-101.6595883
2503,LAWRENCE,44.3501591,-103.8248538
2504,MEADE,44.5263375,-102.6463435
2505,PENNINGTON,44.0669762,-102.44744928450349
2506,STANLEY,44.4189684,-100.802728
2507,JUAB,39.6949628,-112.8342117
2508,MILLARD,39.0364951,-113.0861444
2509,SANPETE,39.3606305,-111.5767825
2510,SEVIER,38.7312956,-111.7866483
2511,UTAH,40.177058,-111.69107185434031
2512,CARBON,39.6023917,-110.6505023
2513,DUCHESNE,40.2960433,-110.4715153
2514,EMERY,38.9844774,-110.8038549
2515,GRAND,38.9634637,-109.6619899
2516,SAN JUAN,37.5859438,-109.7852018
2517,UINTAH,40.1943199,-109.5770955
2518,WASATCH,40.3348338,-111.1186992
2519,BOX ELDER,41.3586056,-113.2112072
2520,CACHE,41.7042978,-111.7451159
2521,DAVIS,41.0263758,-112.1197426
2522,MORGAN,41.0784068,-111.6509149
2523,SALT LAKE,40.6632297,-111.9103124
2524,WEBER,41.2728039,-111.8860648
2525,BEAVER,38.3335694,-113.2754828
2526,IRON,37.8546136,-113.2867347
2527,PIUTE,38.310801,-112.1012191
2528,WASHINGTON,37.2393471,-113.525776
2529,ADDISON,44.0285618,-73.1491036
2530,BENNINGTON,43.0125713,-73.1473048
2531,CALEDONIA,44.46383305,-72.1083608591196
2532,CHITTENDEN,44.4531756,-73.0673673
2533,ESSEX,44.5117272,-73.0611363
2534,FRANKLIN,44.9817713,-72.915614
2535,GRAND ISLE,44.706737,-73.3042618
2536,LAMOILLE,44.6090486,-72.6714363
2537,ORANGE,43.9950352,-72.3763533
2538,ORLEANS,44.8680836,-72.2595811
2539,RUTLAND,43.6084792,-72.9724768
2540,WASHINGTON,44.2690924,-72.6146505
2541,WINDHAM,43.1793702,-72.7258735
2542,BENTON,46.1691702,-119.5286424
2543,CHELAN,47.8012197,-120.6276904
2544,KITTITAS,47.1057471,-120.5849305
2545,OKANOGAN,48.5158513,-119.6527477
2546,YAKIMA,46.601557,-120.510842
2547,ADAMS,46.9723633,-118.5934644
2548,DOUGLAS,47.7652709,-119.6075365
2549,FRANKLIN,46.5654696,-118.8935483
2550,GRANT,47.119015,-119.4904332
2551,LINCOLN,47.5664588,-118.3588615
2552,SPOKANE,47.6571934,-117.42351
2553,COLUMBIA,38.8950368,-77.0365427
2554,WALLA WALLA,46.2055155,-118.5174284
2555,WHITMAN,46.9428831,-117.5286172
2556,CLALLAM,47.9998383,-123.7373472
2557,CLARK,45.7669047,-122.4940866
2558,COWLITZ,46.1998625,-122.6931507
2559,GRAYS HARBOR,47.1744169,-123.8658829
2560,ISLAND,48.2162669,-122.6842402
2561,KING,47.4873376,-121.8622122
2562,LEWIS,46.5612011,-122.4225561
2563,PIERCE,47.0022547,-122.2117983
2564,SNOHOMISH,48.0074736,-121.7304882
2565,THURSTON,46.9319983,-122.8855155
2566,WHATCOM,48.8107819,-121.8828175
2567,BERKELEY,39.4535243,-78.0395522
2568,GRANT,39.0674434,-79.2066739
2569,GREENBRIER,37.961175,-80.450934
2570,HAMPSHIRE,39.3015109,-78.6212207
2571,HARDY,39.0040008,-78.8441276
2572,JEFFERSON,39.2954767,-77.8782587
2573,MINERAL,39.3839905,-78.9416922
2574,MONROE,37.5585821,-80.5192225
2575,MORGAN,39.5455257,-78.2592246
2576,PENDLETON,38.6861824,-79.3410138
2577,POCAHONTAS,38.3022233,-80.0286878
2578,RANDOLPH,38.8085998,-79.872531
2579,SUMMERS,37.6293626,-80.8458259
2580,TUCKER,39.1256758,-79.5607117
2581,BARBOUR,39.1218129,-80.0135627
2582,BROOKE,40.2729451,-80.5699497
2583,DODDRIDGE,39.2632436,-80.7299566
2584,HANCOCK,40.5071529,-80.5657591
2585,HARRISON,39.2820223,-80.3789878
2586,LEWIS,39.0073766,-80.4923445
2587,MARION,39.5128606,-80.2258567
2588,MARSHALL,39.854861,-80.6616946
2589,MONONGALIA,39.6391074,-80.0300399
2590,OHIO,41.4851767,-81.70710780916744
2591,PLEASANTS,39.370369,-81.1545062
2592,PRESTON,39.4350915,-79.6856122
2593,RITCHIE,39.1666305,-81.0474662
2594,TAYLOR,39.3280857,-80.0403265
2595,TYLER,39.4552913,-80.8682493
2596,UPSHUR,38.8957981,-80.2461453
2597,WETZEL,39.6092584,-80.6503396
2598,WOOD,39.2054823,-81.5185967
2599,BRAXTON,38.699643,-80.7012614
2600,CABELL,38.4200892,-82.2316907
2601,CALHOUN,38.8311994,-81.1234524
2602,CLAY,38.4460004,-81.0718148
2603,FAYETTE,38.0331608,-81.0722238
2604,GILMER,38.9268106,-80.8350098
2605,JACKSON,38.818099,-81.6584708
2606,KANAWHA,38.3428208,-81.5089835
2607,LOGAN,37.8024603,-81.9284776
2608,MASON,38.7499013,-82.052456
2609,MCDOWELL,37.3660757,-81.6478197
2610,MERCER,37.4071873,-81.1107194
2611,MINGO,37.679051,-82.1317065
2612,NICHOLAS,38.2784261,-80.770707
2613,PUTNAM,38.4939687,-81.9150148
2614,RALEIGH,37.7493481,-81.2250929
2615,ROANE,38.6943369,-81.3366149
2616,WAYNE,38.1270685,-82.4289201
2617,WEBSTER,38.4844995,-80.4289537
2618,WIRT,39.0287156,-81.3558282
2619,WYOMING,37.5969073,-81.5364932
2620,ADAMS,43.9462246,-89.7836456
2621,GREEN LAKE,43.7971612,-89.0402508
2622,JUNEAU,43.9532381,-90.1218405
2623,MARQUETTE,43.8122244,-89.3926785
2624,PORTAGE,44.4604931,-89.5108818
2625,WAUPACA,44.4927889,-88.9650419
2626,WAUSHARA,44.1103406,-89.2347222
2627,WOOD,44.4517617,-90.0199618
2628,BROWN,44.4383498,-88.0167093
2629,CALUMET,44.0751086,-88.2144321
2630,DOOR,44.7615925,-87.5329747
2631,FOND DU LAC,43.7533414,-88.4493796
2632,KEWAUNEE,44.521282,-87.6301086
2633,MANITOWOC,44.0998341,-87.827992
2634,OUTAGAMIE,44.41603,-88.4602005
2635,SHEBOYGAN,43.7128967,-87.9370433
2636,WINNEBAGO,44.0697014,-88.6516527
2637,ASHLAND,46.2062319,-90.6802594
2638,CLARK,44.7188146,-90.6214928
2639,IRON,46.2254778,-90.2125304
2640,LINCOLN,45.3265631,-89.7326216
2641,MARATHON,44.8914036,-89.7748098
2642,ONEIDA,45.6879163,-89.4779558
2643,PRICE,45.676627,-90.368792
2644,TAYLOR,45.2057106,-90.4915874
2645,FLORENCE,45.8379973,-88.3902943
2646,FOREST,45.625108,-88.806738
2647,LANGLADE,45.2728122,-89.067113
2648,MARINETTE,45.3834983,-88.0409574
2649,MENOMINEE,45.0154357,-88.7089153
2650,OCONTO,44.9988053,-88.2480072
2651,SHAWANO,44.7817214,-88.7118868
2652,BARRON,45.423557,-91.8454099
2653,BAYFIELD,46.4710241,-91.1983175
2654,BURNETT,45.8652437,-92.2673161
2655,CHIPPEWA,45.0740585,-91.2947258
2656,DOUGLAS,46.4396038,-91.9059158
2657,POLK,45.4318573,-92.407472
2658,RUSK,45.4589749,-91.1240967
2659,SAWYER,45.8731634,-91.1468287
2660,WASHBURN,45.8926321,-91.7971652
2661,COLUMBIA,43.4641929,-89.3478429
2662,DANE,43.0709273,-89.4322174
2663,DODGE,43.413614,-88.7177834
2664,GREEN,42.6791433,-89.6076428
2665,JEFFERSON,43.0224668,-88.7673031
2666,ROCK,42.6654418,-89.081772
2667,KENOSHA,42.5846773,-87.8212263
2668,MILWAUKEE,43.0349931,-87.922497
2669,OZAUKEE,43.3569041,-87.9579748
2670,RACINE,42.7260523,-87.7825242
2671,WALWORTH,42.6711513,-88.5467715
2672,WASHINGTON,43.3734986,-88.2370888
2673,WAUKESHA,43.0622536,-88.3123889
2674,CRAWFORD,43.2271639,-90.8938474
2675,GRANT,42.8855277,-90.6991696
2676,IOWA,42.9732457,-90.1334393
2677,LAFAYETTE,42.6632391,-90.1317754
2678,RICHLAND,43.3662526,-90.4557081
2679,SAUK,43.4401728,-89.9653841
2680,VERNON,43.5811229,-90.8231247
2681,BUFFALO,44.4073658,-91.7547858
2682,DUNN,44.9333564,-91.8994409
2683,EAU CLAIRE,44.811349,-91.4984941
2684,JACKSON,44.3016847,-90.8085198
2685,LA CROSSE,43.8122836,-91.2514355
2686,MONROE,43.9416755,-90.6397264
2687,PEPIN,44.6351571,-92.0101928
2688,PIERCE,44.7186568,-92.3786114
2689,ST CROIX,45.0312388,-92.4679305
2690,TREMPEALEAU,44.2782406,-91.3828806
2691,BIG HORN,44.4952545,-108.0024782
2692,FREMONT,43.0293336,-108.5772551
2693,HOT SPRINGS,43.7008749,-108.409568
2694,PARK,44.6076072,-109.5678484
2695,WASHAKIE,43.9308684,-107.6704088
2696,ALBANY,41.6684047,-105.6812633
2697,CARBON,41.7423474,-106.8625645
2698,NATRONA,42.9487008,-106.8465639
2699,CONVERSE,43.0202459,-105.5046207
2700,GOSHEN,42.0657096,-104.3541422
2701,LARAMIE,41.311367,-105.591101
2702,NIOBRARA,43.0087581,-104.4565524
2703,PLATTE,42.0923141,-104.9870991
2704,LINCOLN,42.1765551,-110.7208048
